LOCATION,SUBJECT,TIME,Value
AUS,DEF,2007,5.77
AUS,DEF,2008,5.49
AUS,DEF,2009,5.56
AUS,DEF,2010,5.34
AUS,DEF,2011,5.41
AUS,DEF,2012,5.21
AUS,DEF,2013,5.24
AUS,ECOAFF,2007,7.23
AUS,ECOAFF,2008,7.21
AUS,ECOAFF,2009,8.29
AUS,ECOAFF,2010,6.42
AUS,ECOAFF,2011,7.92
AUS,ECOAFF,2012,6.94
AUS,ECOAFF,2013,7.5
AUS,EDU,2007,9.35
AUS,EDU,2008,9.84
AUS,EDU,2009,13
AUS,EDU,2010,12.31
AUS,EDU,2011,10.53
AUS,EDU,2012,10.81
AUS,EDU,2013,10.43
AUS,ENVPROT,2007,0.61
AUS,ENVPROT,2008,0.6
AUS,ENVPROT,2009,0.59
AUS,ENVPROT,2010,1.12
AUS,ENVPROT,2011,1.42
AUS,ENVPROT,2012,1.57
AUS,ENVPROT,2013,1.63
AUS,GRALPUBSER,2007,24.62
AUS,GRALPUBSER,2008,21.55
AUS,GRALPUBSER,2009,22.13
AUS,GRALPUBSER,2010,23.19
AUS,GRALPUBSER,2011,23.33
AUS,GRALPUBSER,2012,23.78
AUS,GRALPUBSER,2013,23.74
AUS,HEALTH,2007,15.41
AUS,HEALTH,2008,14.71
AUS,HEALTH,2009,14.78
AUS,HEALTH,2010,15.18
AUS,HEALTH,2011,15.79
AUS,HEALTH,2012,15.39
AUS,HEALTH,2013,15.19
AUS,HOUCOMM,2007,0.63
AUS,HOUCOMM,2008,1.17
AUS,HOUCOMM,2009,2.36
AUS,HOUCOMM,2010,1.27
AUS,HOUCOMM,2011,1.03
AUS,HOUCOMM,2012,0.84
AUS,HOUCOMM,2013,0.91
AUS,PUBORD,2007,1.22
AUS,PUBORD,2008,1.06
AUS,PUBORD,2009,1.1
AUS,PUBORD,2010,1.04
AUS,PUBORD,2011,1.02
AUS,PUBORD,2012,1.01
AUS,PUBORD,2013,1.04
AUS,RECULTREL,2007,1.06
AUS,RECULTREL,2008,0.88
AUS,RECULTREL,2009,0.85
AUS,RECULTREL,2010,0.79
AUS,RECULTREL,2011,0.87
AUS,RECULTREL,2012,0.81
AUS,RECULTREL,2013,0.8
AUS,SOCPROT,2007,34.09
AUS,SOCPROT,2008,37.49
AUS,SOCPROT,2009,31.35
AUS,SOCPROT,2010,33.35
AUS,SOCPROT,2011,32.69
AUS,SOCPROT,2012,33.64
AUS,SOCPROT,2013,33.53
AUT,DEF,2007,2.29
AUT,DEF,2008,2.66
AUT,DEF,2009,1.93
AUT,DEF,2010,1.82
AUT,DEF,2011,1.81
AUT,DEF,2012,1.71
AUT,DEF,2013,1.82
AUT,DEF,2014,1.62
AUT,HEALTH,2007,3.37
AUT,HEALTH,2008,3.59
AUT,HEALTH,2009,3.47
AUT,HEALTH,2010,3.81
AUT,HEALTH,2011,4.01
AUT,HEALTH,2012,4.13
AUT,HEALTH,2013,3.82
AUT,HEALTH,2014,3.52
AUT,HOUCOMM,2007,1.47
AUT,HOUCOMM,2008,1.47
AUT,HOUCOMM,2009,0.2
AUT,HOUCOMM,2010,0.22
AUT,HOUCOMM,2011,0.2
AUT,HOUCOMM,2012,0.18
AUT,HOUCOMM,2013,0.13
AUT,HOUCOMM,2014,0.11
AUT,PUBORD,2007,3.46
AUT,PUBORD,2008,3.45
AUT,PUBORD,2009,3.33
AUT,PUBORD,2010,3.39
AUT,PUBORD,2011,3.39
AUT,PUBORD,2012,3.38
AUT,PUBORD,2013,3.37
AUT,PUBORD,2014,3.27
AUT,EDU,2007,9.89
AUT,EDU,2008,9.88
AUT,EDU,2009,9.52
AUT,EDU,2010,9.88
AUT,EDU,2011,9.93
AUT,EDU,2012,9.94
AUT,EDU,2013,10.01
AUT,EDU,2014,9.43
AUT,GRALPUBSER,2007,33.91
AUT,GRALPUBSER,2008,34.03
AUT,GRALPUBSER,2009,33.66
AUT,GRALPUBSER,2010,34.19
AUT,GRALPUBSER,2011,35.24
AUT,GRALPUBSER,2012,34.85
AUT,GRALPUBSER,2013,35.97
AUT,GRALPUBSER,2014,33.61
AUT,ENVPROT,2007,0.73
AUT,ENVPROT,2008,0.64
AUT,ENVPROT,2009,0.82
AUT,ENVPROT,2010,0.81
AUT,ENVPROT,2011,0.76
AUT,ENVPROT,2012,0.73
AUT,ENVPROT,2013,0.76
AUT,ENVPROT,2014,0.7
AUT,ECOAFF,2007,12.99
AUT,ECOAFF,2008,13.01
AUT,ECOAFF,2009,15.04
AUT,ECOAFF,2010,12.43
AUT,ECOAFF,2011,11.93
AUT,ECOAFF,2012,12.14
AUT,ECOAFF,2013,10.68
AUT,ECOAFF,2014,15.07
AUT,RECULTREL,2007,1.26
AUT,RECULTREL,2008,0.91
AUT,RECULTREL,2009,0.86
AUT,RECULTREL,2010,0.89
AUT,RECULTREL,2011,0.92
AUT,RECULTREL,2012,0.9
AUT,RECULTREL,2013,0.9
AUT,RECULTREL,2014,0.85
AUT,SOCPROT,2007,30.62
AUT,SOCPROT,2008,30.37
AUT,SOCPROT,2009,31.19
AUT,SOCPROT,2010,32.55
AUT,SOCPROT,2011,31.8
AUT,SOCPROT,2012,32.04
AUT,SOCPROT,2013,32.53
AUT,SOCPROT,2014,31.83
BEL,ECOAFF,2007,5.84
BEL,ECOAFF,2008,6.42
BEL,ECOAFF,2009,7
BEL,ECOAFF,2010,7.44
BEL,ECOAFF,2011,8.34
BEL,ECOAFF,2012,9.52
BEL,ECOAFF,2013,7.5
BEL,ECOAFF,2014,7.62
BEL,RECULTREL,2007,0.28
BEL,RECULTREL,2008,0.26
BEL,RECULTREL,2009,0.27
BEL,RECULTREL,2010,0.26
BEL,RECULTREL,2011,0.24
BEL,RECULTREL,2012,0.24
BEL,RECULTREL,2013,0.23
BEL,RECULTREL,2014,0.25
BEL,GRALPUBSER,2007,69.05
BEL,GRALPUBSER,2008,67.64
BEL,GRALPUBSER,2009,67.22
BEL,GRALPUBSER,2010,66.19
BEL,GRALPUBSER,2011,66.3
BEL,GRALPUBSER,2012,65.7
BEL,GRALPUBSER,2013,67.17
BEL,GRALPUBSER,2014,67.59
BEL,DEF,2007,3.73
BEL,DEF,2008,3.74
BEL,DEF,2009,3.43
BEL,DEF,2010,3.31
BEL,DEF,2011,3.1
BEL,DEF,2012,2.95
BEL,DEF,2013,3.03
BEL,DEF,2014,2.89
BEL,ENVPROT,2007,0.17
BEL,ENVPROT,2008,0.25
BEL,ENVPROT,2009,0.27
BEL,ENVPROT,2010,0.82
BEL,ENVPROT,2011,1.35
BEL,ENVPROT,2012,1.3
BEL,ENVPROT,2013,1.07
BEL,ENVPROT,2014,0.54
BEL,HOUCOMM,2007,0
BEL,HOUCOMM,2008,0
BEL,HOUCOMM,2009,0
BEL,HOUCOMM,2010,0
BEL,HOUCOMM,2011,0
BEL,HOUCOMM,2012,0
BEL,HOUCOMM,2013,0
BEL,HOUCOMM,2014,0
BEL,PUBORD,2007,3.88
BEL,PUBORD,2008,4.11
BEL,PUBORD,2009,4.02
BEL,PUBORD,2010,3.81
BEL,PUBORD,2011,3.63
BEL,PUBORD,2012,3.62
BEL,PUBORD,2013,3.75
BEL,PUBORD,2014,3.82
BEL,HEALTH,2007,2.82
BEL,HEALTH,2008,3.39
BEL,HEALTH,2009,3.01
BEL,HEALTH,2010,3.64
BEL,HEALTH,2011,2.72
BEL,HEALTH,2012,2.69
BEL,HEALTH,2013,2.78
BEL,HEALTH,2014,2.8
BEL,SOCPROT,2007,9.99
BEL,SOCPROT,2008,9.88
BEL,SOCPROT,2009,10.29
BEL,SOCPROT,2010,10.05
BEL,SOCPROT,2011,9.89
BEL,SOCPROT,2012,9.51
BEL,SOCPROT,2013,9.7
BEL,SOCPROT,2014,9.63
BEL,EDU,2007,4.25
BEL,EDU,2008,4.29
BEL,EDU,2009,4.5
BEL,EDU,2010,4.48
BEL,EDU,2011,4.44
BEL,EDU,2012,4.47
BEL,EDU,2013,4.78
BEL,EDU,2014,4.86
CHE,EDU,2007,7.84
CHE,EDU,2008,8.73
CHE,EDU,2009,9.26
CHE,EDU,2010,9.5
CHE,EDU,2011,9.29
CHE,EDU,2012,9.77
CHE,EDU,2013,9.78
CHE,EDU,2014,9.9
CHE,DEF,2007,6.32
CHE,DEF,2008,7.63
CHE,DEF,2009,7.38
CHE,DEF,2010,7.15
CHE,DEF,2011,6.89
CHE,DEF,2012,7.29
CHE,DEF,2013,7.31
CHE,DEF,2014,7.37
CHE,HOUCOMM,2007,0.03
CHE,HOUCOMM,2008,0.03
CHE,HOUCOMM,2009,0.04
CHE,HOUCOMM,2010,0.03
CHE,HOUCOMM,2011,0.03
CHE,HOUCOMM,2012,0.03
CHE,HOUCOMM,2013,0.03
CHE,HOUCOMM,2014,0.04
CHE,PUBORD,2007,1.37
CHE,PUBORD,2008,1.49
CHE,PUBORD,2009,1.57
CHE,PUBORD,2010,1.56
CHE,PUBORD,2011,1.47
CHE,PUBORD,2012,1.52
CHE,PUBORD,2013,1.54
CHE,PUBORD,2014,1.57
CHE,HEALTH,2007,0.39
CHE,HEALTH,2008,0.43
CHE,HEALTH,2009,0.6
CHE,HEALTH,2010,0.47
CHE,HEALTH,2011,0.45
CHE,HEALTH,2012,0.46
CHE,HEALTH,2013,0.45
CHE,HEALTH,2014,0.45
CHE,SOCPROT,2007,38.85
CHE,SOCPROT,2008,30.32
CHE,SOCPROT,2009,30
CHE,SOCPROT,2010,29.67
CHE,SOCPROT,2011,31
CHE,SOCPROT,2012,31.69
CHE,SOCPROT,2013,31.75
CHE,SOCPROT,2014,31.93
CHE,ECOAFF,2007,20.03
CHE,ECOAFF,2008,22.83
CHE,ECOAFF,2009,23.15
CHE,ECOAFF,2010,23
CHE,ECOAFF,2011,23.48
CHE,ECOAFF,2012,20.86
CHE,ECOAFF,2013,21
CHE,ECOAFF,2014,20.76
CHE,RECULTREL,2007,0.7
CHE,RECULTREL,2008,0.77
CHE,RECULTREL,2009,0.7
CHE,RECULTREL,2010,0.71
CHE,RECULTREL,2011,0.7
CHE,RECULTREL,2012,0.78
CHE,RECULTREL,2013,0.78
CHE,RECULTREL,2014,0.79
CHE,ENVPROT,2007,0.71
CHE,ENVPROT,2008,0.8
CHE,ENVPROT,2009,1.01
CHE,ENVPROT,2010,2.49
CHE,ENVPROT,2011,1.76
CHE,ENVPROT,2012,1.66
CHE,ENVPROT,2013,1.69
CHE,ENVPROT,2014,1.67
CHE,GRALPUBSER,2007,23.74
CHE,GRALPUBSER,2008,26.98
CHE,GRALPUBSER,2009,26.31
CHE,GRALPUBSER,2010,25.4
CHE,GRALPUBSER,2011,24.93
CHE,GRALPUBSER,2012,25.94
CHE,GRALPUBSER,2013,25.67
CHE,GRALPUBSER,2014,25.53
CZE,DEF,2007,3.87
CZE,DEF,2008,3.65
CZE,DEF,2009,3.34
CZE,DEF,2010,3.24
CZE,DEF,2011,2.82
CZE,DEF,2012,2.46
CZE,DEF,2013,2.41
CZE,DEF,2014,2.28
CZE,HEALTH,2007,5.11
CZE,HEALTH,2008,5.02
CZE,HEALTH,2009,4.88
CZE,HEALTH,2010,5.29
CZE,HEALTH,2011,10.01
CZE,HEALTH,2012,9.51
CZE,HEALTH,2013,10.02
CZE,HEALTH,2014,10.36
CZE,HOUCOMM,2007,2.07
CZE,HOUCOMM,2008,1.76
CZE,HOUCOMM,2009,1.83
CZE,HOUCOMM,2010,1.9
CZE,HOUCOMM,2011,1.55
CZE,HOUCOMM,2012,0.94
CZE,HOUCOMM,2013,0.84
CZE,HOUCOMM,2014,0.84
CZE,PUBORD,2007,6.14
CZE,PUBORD,2008,6.11
CZE,PUBORD,2009,5.95
CZE,PUBORD,2010,5.88
CZE,PUBORD,2011,5.12
CZE,PUBORD,2012,4.72
CZE,PUBORD,2013,5.12
CZE,PUBORD,2014,5.02
CZE,EDU,2007,13
CZE,EDU,2008,13
CZE,EDU,2009,12.92
CZE,EDU,2010,12.91
CZE,EDU,2011,12.1
CZE,EDU,2012,12.06
CZE,EDU,2013,13.21
CZE,EDU,2014,13.02
CZE,GRALPUBSER,2007,12.84
CZE,GRALPUBSER,2008,12.13
CZE,GRALPUBSER,2009,12.58
CZE,GRALPUBSER,2010,12.7
CZE,GRALPUBSER,2011,11.97
CZE,GRALPUBSER,2012,16.75
CZE,GRALPUBSER,2013,11.98
CZE,GRALPUBSER,2014,12.32
CZE,ENVPROT,2007,0.78
CZE,ENVPROT,2008,0.72
CZE,ENVPROT,2009,-0.32
CZE,ENVPROT,2010,0.41
CZE,ENVPROT,2011,1.31
CZE,ENVPROT,2012,1.38
CZE,ENVPROT,2013,0.69
CZE,ENVPROT,2014,0.56
CZE,ECOAFF,2007,14.92
CZE,ECOAFF,2008,16.04
CZE,ECOAFF,2009,16.08
CZE,ECOAFF,2010,14.49
CZE,ECOAFF,2011,13.84
CZE,ECOAFF,2012,12.61
CZE,ECOAFF,2013,13.03
CZE,ECOAFF,2014,13.24
CZE,RECULTREL,2007,1.4
CZE,RECULTREL,2008,1.46
CZE,RECULTREL,2009,1.53
CZE,RECULTREL,2010,1.28
CZE,RECULTREL,2011,1.17
CZE,RECULTREL,2012,1.16
CZE,RECULTREL,2013,1.12
CZE,RECULTREL,2014,1.2
CZE,SOCPROT,2007,39.86
CZE,SOCPROT,2008,40.1
CZE,SOCPROT,2009,41.21
CZE,SOCPROT,2010,41.89
CZE,SOCPROT,2011,40.11
CZE,SOCPROT,2012,38.43
CZE,SOCPROT,2013,41.59
CZE,SOCPROT,2014,41.14
DEU,GRALPUBSER,2007,27.85
DEU,GRALPUBSER,2008,28.36
DEU,GRALPUBSER,2009,26.72
DEU,GRALPUBSER,2010,25.43
DEU,GRALPUBSER,2011,29.69
DEU,GRALPUBSER,2012,29.23
DEU,GRALPUBSER,2013,30.05
DEU,GRALPUBSER,2014,30.16
DEU,ENVPROT,2007,0.6
DEU,ENVPROT,2008,0.65
DEU,ENVPROT,2009,1.98
DEU,ENVPROT,2010,1.07
DEU,ENVPROT,2011,1.13
DEU,ENVPROT,2012,1.03
DEU,ENVPROT,2013,1.12
DEU,ENVPROT,2014,1.24
DEU,DEF,2007,7.18
DEU,DEF,2008,7.53
DEU,DEF,2009,7.73
DEU,DEF,2010,6.87
DEU,DEF,2011,7.63
DEU,DEF,2012,8.09
DEU,DEF,2013,8.11
DEU,DEF,2014,8.27
DEU,HEALTH,2007,1.43
DEU,HEALTH,2008,1.42
DEU,HEALTH,2009,1.43
DEU,HEALTH,2010,1.28
DEU,HEALTH,2011,1.41
DEU,HEALTH,2012,1.47
DEU,HEALTH,2013,1.56
DEU,HEALTH,2014,1.68
DEU,HOUCOMM,2007,1.71
DEU,HOUCOMM,2008,1.51
DEU,HOUCOMM,2009,1.12
DEU,HOUCOMM,2010,0.8
DEU,HOUCOMM,2011,0.7
DEU,HOUCOMM,2012,0.62
DEU,HOUCOMM,2013,0.57
DEU,HOUCOMM,2014,0.55
DEU,PUBORD,2007,1.02
DEU,PUBORD,2008,1.04
DEU,PUBORD,2009,1.03
DEU,PUBORD,2010,0.95
DEU,PUBORD,2011,1.11
DEU,PUBORD,2012,1.15
DEU,PUBORD,2013,1.24
DEU,PUBORD,2014,1.28
DEU,SOCPROT,2007,49.23
DEU,SOCPROT,2008,47.67
DEU,SOCPROT,2009,47.33
DEU,SOCPROT,2010,44.77
DEU,SOCPROT,2011,46.31
DEU,SOCPROT,2012,46.95
DEU,SOCPROT,2013,45.51
DEU,SOCPROT,2014,44.94
DEU,ECOAFF,2007,9.07
DEU,ECOAFF,2008,10.15
DEU,ECOAFF,2009,11.01
DEU,ECOAFF,2010,17.51
DEU,ECOAFF,2011,10.43
DEU,ECOAFF,2012,9.68
DEU,ECOAFF,2013,9.9
DEU,ECOAFF,2014,8.72
DEU,RECULTREL,2007,0.57
DEU,RECULTREL,2008,0.43
DEU,RECULTREL,2009,0.43
DEU,RECULTREL,2010,0.35
DEU,RECULTREL,2011,0.42
DEU,RECULTREL,2012,0.45
DEU,RECULTREL,2013,0.5
DEU,RECULTREL,2014,0.51
DEU,EDU,2007,1.34
DEU,EDU,2008,1.24
DEU,EDU,2009,1.21
DEU,EDU,2010,0.97
DEU,EDU,2011,1.17
DEU,EDU,2012,1.34
DEU,EDU,2013,1.46
DEU,EDU,2014,2.64
DNK,GRALPUBSER,2007,38.79
DNK,GRALPUBSER,2008,40.76
DNK,GRALPUBSER,2009,41.18
DNK,GRALPUBSER,2010,29.27
DNK,GRALPUBSER,2011,30.18
DNK,GRALPUBSER,2012,31.31
DNK,GRALPUBSER,2013,29.23
DNK,GRALPUBSER,2014,28.3
DNK,ENVPROT,2007,0.89
DNK,ENVPROT,2008,0.64
DNK,ENVPROT,2009,0.51
DNK,ENVPROT,2010,0.45
DNK,ENVPROT,2011,0.43
DNK,ENVPROT,2012,0.43
DNK,ENVPROT,2013,0.58
DNK,ENVPROT,2014,0.56
DNK,DEF,2007,3.9
DNK,DEF,2008,3.81
DNK,DEF,2009,3.27
DNK,DEF,2010,3.16
DNK,DEF,2011,3.14
DNK,DEF,2012,3.16
DNK,DEF,2013,3.1
DNK,DEF,2014,2.74
DNK,HEALTH,2007,0.78
DNK,HEALTH,2008,0.81
DNK,HEALTH,2009,0.81
DNK,HEALTH,2010,11.29
DNK,HEALTH,2011,11.25
DNK,HEALTH,2012,11.04
DNK,HEALTH,2013,11.38
DNK,HEALTH,2014,11.42
DNK,HOUCOMM,2007,0.87
DNK,HOUCOMM,2008,0.65
DNK,HOUCOMM,2009,0.84
DNK,HOUCOMM,2010,0.57
DNK,HOUCOMM,2011,0.45
DNK,HOUCOMM,2012,0.4
DNK,HOUCOMM,2013,0.4
DNK,HOUCOMM,2014,0.34
DNK,PUBORD,2007,2.29
DNK,PUBORD,2008,2.4
DNK,PUBORD,2009,2.34
DNK,PUBORD,2010,2.23
DNK,PUBORD,2011,2.27
DNK,PUBORD,2012,2.1
DNK,PUBORD,2013,2.2
DNK,PUBORD,2014,2.23
DNK,SOCPROT,2007,35.09
DNK,SOCPROT,2008,34
DNK,SOCPROT,2009,33.81
DNK,SOCPROT,2010,35.96
DNK,SOCPROT,2011,35.35
DNK,SOCPROT,2012,34.27
DNK,SOCPROT,2013,35.05
DNK,SOCPROT,2014,35.87
DNK,ECOAFF,2007,5.49
DNK,ECOAFF,2008,4.78
DNK,ECOAFF,2009,5.4
DNK,ECOAFF,2010,5.2
DNK,ECOAFF,2011,5.49
DNK,ECOAFF,2012,5.78
DNK,ECOAFF,2013,5.83
DNK,ECOAFF,2014,6.11
DNK,RECULTREL,2007,2.53
DNK,RECULTREL,2008,2.62
DNK,RECULTREL,2009,2.42
DNK,RECULTREL,2010,2.34
DNK,RECULTREL,2011,2.42
DNK,RECULTREL,2012,2.39
DNK,RECULTREL,2013,2.49
DNK,RECULTREL,2014,2.34
DNK,EDU,2007,9.36
DNK,EDU,2008,9.52
DNK,EDU,2009,9.4
DNK,EDU,2010,9.53
DNK,EDU,2011,9.01
DNK,EDU,2012,9.13
DNK,EDU,2013,9.73
DNK,EDU,2014,10.09
ESP,DEF,2007,5.58
ESP,DEF,2008,5.41
ESP,DEF,2009,4.52
ESP,DEF,2010,5.06
ESP,DEF,2011,5.15
ESP,DEF,2012,3.61
ESP,DEF,2013,4.28
ESP,DEF,2014,4.02
ESP,ENVPROT,2007,0.6
ESP,ENVPROT,2008,0.59
ESP,ENVPROT,2009,0.68
ESP,ENVPROT,2010,0.53
ESP,ENVPROT,2011,0.44
ESP,ENVPROT,2012,0.26
ESP,ENVPROT,2013,0.25
ESP,ENVPROT,2014,0.27
ESP,PUBORD,2007,5.76
ESP,PUBORD,2008,5.88
ESP,PUBORD,2009,5.17
ESP,PUBORD,2010,5.71
ESP,PUBORD,2011,5.8
ESP,PUBORD,2012,4.25
ESP,PUBORD,2013,4.92
ESP,PUBORD,2014,5.03
ESP,ECOAFF,2007,9.99
ESP,ECOAFF,2008,9.93
ESP,ECOAFF,2009,8.1
ESP,ECOAFF,2010,8.23
ESP,ECOAFF,2011,9.75
ESP,ECOAFF,2012,19.51
ESP,ECOAFF,2013,8.11
ESP,ECOAFF,2014,7.71
ESP,RECULTREL,2007,1.69
ESP,RECULTREL,2008,1.73
ESP,RECULTREL,2009,1.3
ESP,RECULTREL,2010,1.38
ESP,RECULTREL,2011,1.4
ESP,RECULTREL,2012,0.9
ESP,RECULTREL,2013,0.97
ESP,RECULTREL,2014,0.97
ESP,EDU,2007,0.82
ESP,EDU,2008,0.82
ESP,EDU,2009,0.74
ESP,EDU,2010,0.8
ESP,EDU,2011,0.8
ESP,EDU,2012,0.63
ESP,EDU,2013,0.66
ESP,EDU,2014,0.75
ESP,GRALPUBSER,2007,67.29
ESP,GRALPUBSER,2008,67
ESP,GRALPUBSER,2009,71.59
ESP,GRALPUBSER,2010,69.6
ESP,GRALPUBSER,2011,68.09
ESP,GRALPUBSER,2012,64.07
ESP,GRALPUBSER,2013,72.84
ESP,GRALPUBSER,2014,72.99
ESP,SOCPROT,2007,6.73
ESP,SOCPROT,2008,7.06
ESP,SOCPROT,2009,6.3
ESP,SOCPROT,2010,7.23
ESP,SOCPROT,2011,7.16
ESP,SOCPROT,2012,5.72
ESP,SOCPROT,2013,6.74
ESP,SOCPROT,2014,7
ESP,HEALTH,2007,1.31
ESP,HEALTH,2008,1.34
ESP,HEALTH,2009,1.4
ESP,HEALTH,2010,1.31
ESP,HEALTH,2011,1.33
ESP,HEALTH,2012,1.01
ESP,HEALTH,2013,1.18
ESP,HEALTH,2014,1.21
ESP,HOUCOMM,2007,0.22
ESP,HOUCOMM,2008,0.23
ESP,HOUCOMM,2009,0.2
ESP,HOUCOMM,2010,0.14
ESP,HOUCOMM,2011,0.09
ESP,HOUCOMM,2012,0.05
ESP,HOUCOMM,2013,0.05
ESP,HOUCOMM,2014,0.04
EST,ECOAFF,2007,11.45
EST,ECOAFF,2008,11.41
EST,ECOAFF,2009,11.28
EST,ECOAFF,2010,10.62
EST,ECOAFF,2011,11.33
EST,ECOAFF,2012,10.67
EST,ECOAFF,2013,10.27
EST,ECOAFF,2014,11.25
EST,EDU,2007,8.33
EST,EDU,2008,8.05
EST,EDU,2009,8.2
EST,EDU,2010,8.4
EST,EDU,2011,8.99
EST,EDU,2012,8.99
EST,EDU,2013,7.86
EST,EDU,2014,7.43
EST,GRALPUBSER,2007,29.09
EST,GRALPUBSER,2008,26.04
EST,GRALPUBSER,2009,24.75
EST,GRALPUBSER,2010,25.04
EST,GRALPUBSER,2011,26.07
EST,GRALPUBSER,2012,26.01
EST,GRALPUBSER,2013,27.46
EST,GRALPUBSER,2014,26.84
EST,ENVPROT,2007,1.98
EST,ENVPROT,2008,2.34
EST,ENVPROT,2009,1.87
EST,ENVPROT,2010,-1.19
EST,ENVPROT,2011,-1.84
EST,ENVPROT,2012,1.83
EST,ENVPROT,2013,1.23
EST,ENVPROT,2014,1.17
EST,DEF,2007,4.32
EST,DEF,2008,5.04
EST,DEF,2009,5.77
EST,DEF,2010,5
EST,DEF,2011,4.68
EST,DEF,2012,5.4
EST,DEF,2013,5.62
EST,DEF,2014,5.48
EST,HOUCOMM,2007,0.03
EST,HOUCOMM,2008,0
EST,HOUCOMM,2009,0.03
EST,HOUCOMM,2010,0.02
EST,HOUCOMM,2011,0.02
EST,HOUCOMM,2012,0.02
EST,HOUCOMM,2013,0.02
EST,HOUCOMM,2014,0.02
EST,PUBORD,2007,7.18
EST,PUBORD,2008,7.79
EST,PUBORD,2009,6.02
EST,PUBORD,2010,6.23
EST,PUBORD,2011,6.35
EST,PUBORD,2012,5.98
EST,PUBORD,2013,5.69
EST,PUBORD,2014,5.84
EST,HEALTH,2007,6.52
EST,HEALTH,2008,6.91
EST,HEALTH,2009,6.18
EST,HEALTH,2010,6.7
EST,HEALTH,2011,6.44
EST,HEALTH,2012,6.1
EST,HEALTH,2013,6.55
EST,HEALTH,2014,7.13
EST,SOCPROT,2007,26.95
EST,SOCPROT,2008,28.71
EST,SOCPROT,2009,32.37
EST,SOCPROT,2010,35.43
EST,SOCPROT,2011,34.34
EST,SOCPROT,2012,31.89
EST,SOCPROT,2013,31.73
EST,SOCPROT,2014,31.39
EST,RECULTREL,2007,4.15
EST,RECULTREL,2008,3.72
EST,RECULTREL,2009,3.53
EST,RECULTREL,2010,3.74
EST,RECULTREL,2011,3.63
EST,RECULTREL,2012,3.12
EST,RECULTREL,2013,3.56
EST,RECULTREL,2014,3.44
FIN,GRALPUBSER,2007,22.21
FIN,GRALPUBSER,2008,21.87
FIN,GRALPUBSER,2009,21.27
FIN,GRALPUBSER,2010,21.27
FIN,GRALPUBSER,2011,22.74
FIN,GRALPUBSER,2012,22.75
FIN,GRALPUBSER,2013,22.7
FIN,GRALPUBSER,2014,22.65
FIN,HEALTH,2007,10.94
FIN,HEALTH,2008,11.78
FIN,HEALTH,2009,11.86
FIN,HEALTH,2010,11.51
FIN,HEALTH,2011,11.63
FIN,HEALTH,2012,11.37
FIN,HEALTH,2013,11.28
FIN,HEALTH,2014,11.15
FIN,SOCPROT,2007,26.67
FIN,SOCPROT,2008,26.08
FIN,SOCPROT,2009,27.15
FIN,SOCPROT,2010,28.41
FIN,SOCPROT,2011,27.55
FIN,SOCPROT,2012,28.35
FIN,SOCPROT,2013,28.76
FIN,SOCPROT,2014,29.45
FIN,ECOAFF,2007,13.69
FIN,ECOAFF,2008,13.52
FIN,ECOAFF,2009,13.24
FIN,ECOAFF,2010,12.92
FIN,ECOAFF,2011,12.59
FIN,ECOAFF,2012,12.34
FIN,ECOAFF,2013,11.92
FIN,ECOAFF,2014,11.8
FIN,RECULTREL,2007,1.63
FIN,RECULTREL,2008,1.66
FIN,RECULTREL,2009,1.7
FIN,RECULTREL,2010,1.75
FIN,RECULTREL,2011,1.76
FIN,RECULTREL,2012,1.58
FIN,RECULTREL,2013,2.55
FIN,RECULTREL,2014,2.62
FIN,EDU,2007,13.51
FIN,EDU,2008,13.52
FIN,EDU,2009,13.31
FIN,EDU,2010,12.8
FIN,EDU,2011,13.13
FIN,EDU,2012,12.96
FIN,EDU,2013,12.41
FIN,EDU,2014,12.39
FIN,DEF,2007,5.72
FIN,DEF,2008,5.9
FIN,DEF,2009,5.72
FIN,DEF,2010,5.32
FIN,DEF,2011,4.95
FIN,DEF,2012,5.27
FIN,DEF,2013,5.13
FIN,DEF,2014,4.93
FIN,ENVPROT,2007,0.81
FIN,ENVPROT,2008,0.74
FIN,ENVPROT,2009,0.76
FIN,ENVPROT,2010,0.72
FIN,ENVPROT,2011,0.65
FIN,ENVPROT,2012,0.65
FIN,ENVPROT,2013,0.67
FIN,ENVPROT,2014,0.68
FIN,HOUCOMM,2007,0.72
FIN,HOUCOMM,2008,0.75
FIN,HOUCOMM,2009,0.83
FIN,HOUCOMM,2010,1.04
FIN,HOUCOMM,2011,0.99
FIN,HOUCOMM,2012,0.73
FIN,HOUCOMM,2013,0.69
FIN,HOUCOMM,2014,0.64
FIN,PUBORD,2007,4.09
FIN,PUBORD,2008,4.18
FIN,PUBORD,2009,4.17
FIN,PUBORD,2010,4.28
FIN,PUBORD,2011,4
FIN,PUBORD,2012,3.99
FIN,PUBORD,2013,3.89
FIN,PUBORD,2014,3.7
FRA,HEALTH,2007,1.01
FRA,HEALTH,2008,0.95
FRA,HEALTH,2009,1.03
FRA,HEALTH,2010,1.18
FRA,HEALTH,2011,1.05
FRA,HEALTH,2012,1.04
FRA,HEALTH,2013,1.13
FRA,HEALTH,2014,1.12
FRA,HOUCOMM,2007,1.77
FRA,HOUCOMM,2008,1.59
FRA,HOUCOMM,2009,2.14
FRA,HOUCOMM,2010,2.01
FRA,HOUCOMM,2011,1.99
FRA,HOUCOMM,2012,1.78
FRA,HOUCOMM,2013,1.54
FRA,HOUCOMM,2014,2.04
FRA,EDU,2007,17.11
FRA,EDU,2008,16.69
FRA,EDU,2009,16.76
FRA,EDU,2010,15.95
FRA,EDU,2011,16.75
FRA,EDU,2012,16.65
FRA,EDU,2013,16.75
FRA,EDU,2014,16.88
FRA,GRALPUBSER,2007,32.22
FRA,GRALPUBSER,2008,32.75
FRA,GRALPUBSER,2009,30.99
FRA,GRALPUBSER,2010,34.27
FRA,GRALPUBSER,2011,31.64
FRA,GRALPUBSER,2012,31.22
FRA,GRALPUBSER,2013,31.15
FRA,GRALPUBSER,2014,29.97
FRA,DEF,2007,7.83
FRA,DEF,2008,7.63
FRA,DEF,2009,7.86
FRA,DEF,2010,7.38
FRA,DEF,2011,7.69
FRA,DEF,2012,7.72
FRA,DEF,2013,7.66
FRA,DEF,2014,7.34
FRA,ENVPROT,2007,0.61
FRA,ENVPROT,2008,0.6
FRA,ENVPROT,2009,0.65
FRA,ENVPROT,2010,0.61
FRA,ENVPROT,2011,0.55
FRA,ENVPROT,2012,0.54
FRA,ENVPROT,2013,0.54
FRA,ENVPROT,2014,0.56
FRA,PUBORD,2007,5.22
FRA,PUBORD,2008,5.42
FRA,PUBORD,2009,5.53
FRA,PUBORD,2010,5.31
FRA,PUBORD,2011,5.62
FRA,PUBORD,2012,5.55
FRA,PUBORD,2013,5.61
FRA,PUBORD,2014,5.49
FRA,ECOAFF,2007,11.53
FRA,ECOAFF,2008,11.98
FRA,ECOAFF,2009,12.75
FRA,ECOAFF,2010,12.86
FRA,ECOAFF,2011,12.6
FRA,ECOAFF,2012,13.23
FRA,ECOAFF,2013,12.97
FRA,ECOAFF,2014,13.81
FRA,RECULTREL,2007,1.54
FRA,RECULTREL,2008,1.62
FRA,RECULTREL,2009,1.59
FRA,RECULTREL,2010,1.5
FRA,RECULTREL,2011,1.42
FRA,RECULTREL,2012,1.36
FRA,RECULTREL,2013,1.3
FRA,RECULTREL,2014,1.37
FRA,SOCPROT,2007,21.16
FRA,SOCPROT,2008,20.77
FRA,SOCPROT,2009,20.69
FRA,SOCPROT,2010,18.94
FRA,SOCPROT,2011,20.69
FRA,SOCPROT,2012,20.92
FRA,SOCPROT,2013,21.34
FRA,SOCPROT,2014,21.41
GBR,ECOAFF,2007,6.4
GBR,ECOAFF,2008,10.42
GBR,ECOAFF,2009,8.32
GBR,ECOAFF,2010,5.88
GBR,ECOAFF,2011,5.63
GBR,ECOAFF,2012,7.06
GBR,ECOAFF,2013,6.19
GBR,ECOAFF,2014,6.22
GBR,RECULTREL,2007,1.31
GBR,RECULTREL,2008,1.34
GBR,RECULTREL,2009,1.3
GBR,RECULTREL,2010,1.29
GBR,RECULTREL,2011,1.27
GBR,RECULTREL,2012,1.25
GBR,RECULTREL,2013,1.09
GBR,RECULTREL,2014,1.08
GBR,GRALPUBSER,2007,16.72
GBR,GRALPUBSER,2008,15.6
GBR,GRALPUBSER,2009,11.94
GBR,GRALPUBSER,2010,13.74
GBR,GRALPUBSER,2011,14.8
GBR,GRALPUBSER,2012,13.58
GBR,GRALPUBSER,2013,14.35
GBR,GRALPUBSER,2014,13.77
GBR,DEF,2007,5.77
GBR,DEF,2008,5.77
GBR,DEF,2009,5.77
GBR,DEF,2010,5.81
GBR,DEF,2011,5.83
GBR,DEF,2012,5.53
GBR,DEF,2013,5.47
GBR,DEF,2014,5.33
GBR,ENVPROT,2007,1.18
GBR,ENVPROT,2008,0.91
GBR,ENVPROT,2009,1.08
GBR,ENVPROT,2010,1.07
GBR,ENVPROT,2011,0.94
GBR,ENVPROT,2012,0.92
GBR,ENVPROT,2013,0.88
GBR,ENVPROT,2014,1.03
GBR,PUBORD,2007,4.35
GBR,PUBORD,2008,4.25
GBR,PUBORD,2009,4.21
GBR,PUBORD,2010,4.05
GBR,PUBORD,2011,3.86
GBR,PUBORD,2012,3.85
GBR,PUBORD,2013,4.11
GBR,PUBORD,2014,4.07
GBR,HEALTH,2007,17.52
GBR,HEALTH,2008,16.89
GBR,HEALTH,2009,17.78
GBR,HEALTH,2010,17.47
GBR,HEALTH,2011,17.71
GBR,HEALTH,2012,17.16
GBR,HEALTH,2013,18.14
GBR,HEALTH,2014,18.71
GBR,HOUCOMM,2007,1.28
GBR,HOUCOMM,2008,1.17
GBR,HOUCOMM,2009,4.15
GBR,HOUCOMM,2010,4.82
GBR,HOUCOMM,2011,3.92
GBR,HOUCOMM,2012,4.89
GBR,HOUCOMM,2013,3.96
GBR,HOUCOMM,2014,4.44
GBR,SOCPROT,2007,33.42
GBR,SOCPROT,2008,31.91
GBR,SOCPROT,2009,33.65
GBR,SOCPROT,2010,34.11
GBR,SOCPROT,2011,34.88
GBR,SOCPROT,2012,34.95
GBR,SOCPROT,2013,35.17
GBR,SOCPROT,2014,34.77
GBR,EDU,2007,12.05
GBR,EDU,2008,11.75
GBR,EDU,2009,11.8
GBR,EDU,2010,11.75
GBR,EDU,2011,11.16
GBR,EDU,2012,10.82
GBR,EDU,2013,10.63
GBR,EDU,2014,10.57
GRC,GRALPUBSER,2007,50.5
GRC,GRALPUBSER,2008,49.67
GRC,GRALPUBSER,2009,50.55
GRC,GRALPUBSER,2010,52.08
GRC,GRALPUBSER,2011,54.68
GRC,GRALPUBSER,2012,47.33
GRC,GRALPUBSER,2013,39.83
GRC,GRALPUBSER,2014,48.36
GRC,SOCPROT,2007,7.45
GRC,SOCPROT,2008,7.4
GRC,SOCPROT,2009,7.93
GRC,SOCPROT,2010,8.15
GRC,SOCPROT,2011,8.75
GRC,SOCPROT,2012,9.18
GRC,SOCPROT,2013,7.48
GRC,SOCPROT,2014,10.87
GRC,ECOAFF,2007,9.95
GRC,ECOAFF,2008,11.63
GRC,ECOAFF,2009,10.04
GRC,ECOAFF,2010,8.82
GRC,ECOAFF,2011,8.3
GRC,ECOAFF,2012,14.46
GRC,ECOAFF,2013,28.39
GRC,ECOAFF,2014,7.72
GRC,RECULTREL,2007,1.4
GRC,RECULTREL,2008,1.47
GRC,RECULTREL,2009,1.23
GRC,RECULTREL,2010,1.09
GRC,RECULTREL,2011,1.05
GRC,RECULTREL,2012,0.97
GRC,RECULTREL,2013,0.74
GRC,RECULTREL,2014,0.86
GRC,EDU,2007,9.87
GRC,EDU,2008,9.48
GRC,EDU,2009,9.6
GRC,EDU,2010,10.02
GRC,EDU,2011,10.26
GRC,EDU,2012,10.1
GRC,EDU,2013,8.37
GRC,EDU,2014,10.62
GRC,DEF,2007,7.81
GRC,DEF,2008,7.66
GRC,DEF,2009,7.87
GRC,DEF,2010,6.76
GRC,DEF,2011,5.79
GRC,DEF,2012,5.73
GRC,DEF,2013,4.25
GRC,DEF,2014,6.98
GRC,HEALTH,2007,7.57
GRC,HEALTH,2008,7.24
GRC,HEALTH,2009,7.21
GRC,HEALTH,2010,7.68
GRC,HEALTH,2011,5.97
GRC,HEALTH,2012,6.29
GRC,HEALTH,2013,4.93
GRC,HEALTH,2014,6.38
GRC,HOUCOMM,2007,0.29
GRC,HOUCOMM,2008,0.34
GRC,HOUCOMM,2009,0.56
GRC,HOUCOMM,2010,0.2
GRC,HOUCOMM,2011,0.19
GRC,HOUCOMM,2012,0.21
GRC,HOUCOMM,2013,0.14
GRC,HOUCOMM,2014,0.17
GRC,PUBORD,2007,4.16
GRC,PUBORD,2008,4
GRC,PUBORD,2009,4.17
GRC,PUBORD,2010,4.44
GRC,PUBORD,2011,4.12
GRC,PUBORD,2012,4.34
GRC,PUBORD,2013,3.65
GRC,PUBORD,2014,5.5
GRC,ENVPROT,2007,1
GRC,ENVPROT,2008,1.12
GRC,ENVPROT,2009,0.84
GRC,ENVPROT,2010,0.76
GRC,ENVPROT,2011,0.88
GRC,ENVPROT,2012,1.39
GRC,ENVPROT,2013,2.23
GRC,ENVPROT,2014,2.53
HUN,HEALTH,2007,8.12
HUN,HEALTH,2008,6.54
HUN,HEALTH,2009,6.8
HUN,HEALTH,2010,10.15
HUN,HEALTH,2011,9.87
HUN,HEALTH,2012,13.51
HUN,HEALTH,2013,16.01
HUN,HEALTH,2014,15.61
HUN,SOCPROT,2007,21.97
HUN,SOCPROT,2008,22.31
HUN,SOCPROT,2009,24.71
HUN,SOCPROT,2010,22.71
HUN,SOCPROT,2011,18.01
HUN,SOCPROT,2012,16.38
HUN,SOCPROT,2013,13.11
HUN,SOCPROT,2014,11.76
HUN,EDU,2007,11.59
HUN,EDU,2008,11
HUN,EDU,2009,11.08
HUN,EDU,2010,10.61
HUN,EDU,2011,9.78
HUN,EDU,2012,9.65
HUN,EDU,2013,10.9
HUN,EDU,2014,12.46
HUN,GRALPUBSER,2007,25.51
HUN,GRALPUBSER,2008,29.98
HUN,GRALPUBSER,2009,29.43
HUN,GRALPUBSER,2010,27.6
HUN,GRALPUBSER,2011,28.43
HUN,GRALPUBSER,2012,29.03
HUN,GRALPUBSER,2013,31.54
HUN,GRALPUBSER,2014,29.15
HUN,ENVPROT,2007,1
HUN,ENVPROT,2008,0.95
HUN,ENVPROT,2009,1.01
HUN,ENVPROT,2010,0.58
HUN,ENVPROT,2011,1.01
HUN,ENVPROT,2012,1
HUN,ENVPROT,2013,0.88
HUN,ENVPROT,2014,1.33
HUN,DEF,2007,3.86
HUN,DEF,2008,3.14
HUN,DEF,2009,2.73
HUN,DEF,2010,3.57
HUN,DEF,2011,3.13
HUN,DEF,2012,2.19
HUN,DEF,2013,1.78
HUN,DEF,2014,1.61
HUN,HOUCOMM,2007,0.11
HUN,HOUCOMM,2008,0.25
HUN,HOUCOMM,2009,0.21
HUN,HOUCOMM,2010,0.47
HUN,HOUCOMM,2011,1.1
HUN,HOUCOMM,2012,1.14
HUN,HOUCOMM,2013,0.62
HUN,HOUCOMM,2014,0.68
HUN,PUBORD,2007,5.56
HUN,PUBORD,2008,6.06
HUN,PUBORD,2009,5.7
HUN,PUBORD,2010,5.38
HUN,PUBORD,2011,5.47
HUN,PUBORD,2012,5.67
HUN,PUBORD,2013,5.34
HUN,PUBORD,2014,5.22
HUN,ECOAFF,2007,19.26
HUN,ECOAFF,2008,16.63
HUN,ECOAFF,2009,15.39
HUN,ECOAFF,2010,15.63
HUN,ECOAFF,2011,19.94
HUN,ECOAFF,2012,17.2
HUN,ECOAFF,2013,16.24
HUN,ECOAFF,2014,18.2
HUN,RECULTREL,2007,3.01
HUN,RECULTREL,2008,3.14
HUN,RECULTREL,2009,2.93
HUN,RECULTREL,2010,3.3
HUN,RECULTREL,2011,3.26
HUN,RECULTREL,2012,4.24
HUN,RECULTREL,2013,3.58
HUN,RECULTREL,2014,3.98
IRL,GRALPUBSER,2007,11.82
IRL,GRALPUBSER,2008,11.04
IRL,GRALPUBSER,2009,11.67
IRL,GRALPUBSER,2010,8.95
IRL,GRALPUBSER,2011,13.9
IRL,GRALPUBSER,2012,17.09
IRL,GRALPUBSER,2013,18.12
IRL,GRALPUBSER,2014,17.37
IRL,SOCPROT,2007,34.25
IRL,SOCPROT,2008,34.6
IRL,SOCPROT,2009,35.97
IRL,SOCPROT,2010,24.99
IRL,SOCPROT,2011,32.4
IRL,SOCPROT,2012,35.75
IRL,SOCPROT,2013,35.31
IRL,SOCPROT,2014,34.27
IRL,ECOAFF,2007,9.79
IRL,ECOAFF,2008,12.08
IRL,ECOAFF,2009,13.83
IRL,ECOAFF,2010,39.47
IRL,ECOAFF,2011,15.87
IRL,ECOAFF,2012,6.31
IRL,ECOAFF,2013,6.08
IRL,ECOAFF,2014,7.44
IRL,RECULTREL,2007,1.31
IRL,RECULTREL,2008,1.32
IRL,RECULTREL,2009,1.45
IRL,RECULTREL,2010,0.99
IRL,RECULTREL,2011,1.26
IRL,RECULTREL,2012,1.36
IRL,RECULTREL,2013,1.4
IRL,RECULTREL,2014,1.49
IRL,EDU,2007,13.5
IRL,EDU,2008,13
IRL,EDU,2009,11.19
IRL,EDU,2010,8.14
IRL,EDU,2011,11.52
IRL,EDU,2012,12.36
IRL,EDU,2013,12.05
IRL,EDU,2014,12.04
IRL,DEF,2007,1.27
IRL,DEF,2008,1.26
IRL,DEF,2009,1.05
IRL,DEF,2010,0.66
IRL,DEF,2011,0.92
IRL,DEF,2012,0.98
IRL,DEF,2013,0.99
IRL,DEF,2014,1
IRL,HEALTH,2007,21.21
IRL,HEALTH,2008,20.06
IRL,HEALTH,2009,18.93
IRL,HEALTH,2010,12.76
IRL,HEALTH,2011,18.75
IRL,HEALTH,2012,20.69
IRL,HEALTH,2013,21.02
IRL,HEALTH,2014,20.94
IRL,HOUCOMM,2007,1.21
IRL,HOUCOMM,2008,1.22
IRL,HOUCOMM,2009,1.11
IRL,HOUCOMM,2010,0.69
IRL,HOUCOMM,2011,1.05
IRL,HOUCOMM,2012,0.82
IRL,HOUCOMM,2013,0.69
IRL,HOUCOMM,2014,1.08
IRL,PUBORD,2007,4.28
IRL,PUBORD,2008,4.15
IRL,PUBORD,2009,3.58
IRL,PUBORD,2010,2.47
IRL,PUBORD,2011,3.23
IRL,PUBORD,2012,3.43
IRL,PUBORD,2013,3.53
IRL,PUBORD,2014,3.59
IRL,ENVPROT,2007,1.37
IRL,ENVPROT,2008,1.27
IRL,ENVPROT,2009,1.21
IRL,ENVPROT,2010,0.89
IRL,ENVPROT,2011,1.08
IRL,ENVPROT,2012,1.21
IRL,ENVPROT,2013,0.81
IRL,ENVPROT,2014,0.78
ISL,GRALPUBSER,2013,23.82
ISL,GRALPUBSER,2014,22.96
ISL,DEF,2013,0.08
ISL,DEF,2014,0.06
ISL,ENVPROT,2013,0.99
ISL,ENVPROT,2014,1.01
ISL,PUBORD,2013,4.09
ISL,PUBORD,2014,4.31
ISL,HEALTH,2013,23.12
ISL,HEALTH,2014,22.84
ISL,HOUCOMM,2013,0.83
ISL,HOUCOMM,2014,0.09
ISL,SOCPROT,2013,22.64
ISL,SOCPROT,2014,20.52
ISL,ECOAFF,2013,11.43
ISL,ECOAFF,2014,16.14
ISL,RECULTREL,2013,3.49
ISL,RECULTREL,2014,3.07
ISL,EDU,2013,9.5
ISL,EDU,2014,9
ISR,EDU,2007,13.31
ISR,EDU,2008,13.64
ISR,EDU,2009,13.74
ISR,EDU,2010,14.5
ISR,EDU,2011,14.6
ISR,EDU,2012,15.16
ISR,EDU,2013,15.82
ISR,EDU,2014,15.84
ISR,DEF,2007,18.55
ISR,DEF,2008,18.12
ISR,DEF,2009,17.26
ISR,DEF,2010,17.3
ISR,DEF,2011,17.02
ISR,DEF,2012,16.71
ISR,DEF,2013,16.44
ISR,DEF,2014,16.92
ISR,HEALTH,2007,12.26
ISR,HEALTH,2008,12.58
ISR,HEALTH,2009,12.81
ISR,HEALTH,2010,13.3
ISR,HEALTH,2011,13.28
ISR,HEALTH,2012,13.26
ISR,HEALTH,2013,13.54
ISR,HEALTH,2014,13.9
ISR,HOUCOMM,2007,0.91
ISR,HOUCOMM,2008,0.73
ISR,HOUCOMM,2009,0.73
ISR,HOUCOMM,2010,0.43
ISR,HOUCOMM,2011,0.62
ISR,HOUCOMM,2012,0.67
ISR,HOUCOMM,2013,0.46
ISR,HOUCOMM,2014,0.61
ISR,SOCPROT,2007,19.44
ISR,SOCPROT,2008,19.78
ISR,SOCPROT,2009,20.96
ISR,SOCPROT,2010,19.95
ISR,SOCPROT,2011,20
ISR,SOCPROT,2012,20.22
ISR,SOCPROT,2013,20.28
ISR,SOCPROT,2014,20.03
ISR,ENVPROT,2007,0.27
ISR,ENVPROT,2008,0.33
ISR,ENVPROT,2009,0.27
ISR,ENVPROT,2010,0.38
ISR,ENVPROT,2011,0.32
ISR,ENVPROT,2012,0.33
ISR,ENVPROT,2013,0.33
ISR,ENVPROT,2014,0.26
ISR,PUBORD,2007,3.82
ISR,PUBORD,2008,3.91
ISR,PUBORD,2009,4.03
ISR,PUBORD,2010,4.18
ISR,PUBORD,2011,4.19
ISR,PUBORD,2012,4.18
ISR,PUBORD,2013,4.29
ISR,PUBORD,2014,4.44
ISR,ECOAFF,2007,6.15
ISR,ECOAFF,2008,6.19
ISR,ECOAFF,2009,6.41
ISR,ECOAFF,2010,6.13
ISR,ECOAFF,2011,6.52
ISR,ECOAFF,2012,6.43
ISR,ECOAFF,2013,6.99
ISR,ECOAFF,2014,6.56
ISR,RECULTREL,2007,2.26
ISR,RECULTREL,2008,2.29
ISR,RECULTREL,2009,2.55
ISR,RECULTREL,2010,2.81
ISR,RECULTREL,2011,2.83
ISR,RECULTREL,2012,2.62
ISR,RECULTREL,2013,2.42
ISR,RECULTREL,2014,2.44
ISR,GRALPUBSER,2007,23.02
ISR,GRALPUBSER,2008,22.41
ISR,GRALPUBSER,2009,21.25
ISR,GRALPUBSER,2010,21.02
ISR,GRALPUBSER,2011,20.62
ISR,GRALPUBSER,2012,20.43
ISR,GRALPUBSER,2013,19.43
ISR,GRALPUBSER,2014,19.01
ITA,SOCPROT,2007,16.49
ITA,SOCPROT,2008,15.1
ITA,SOCPROT,2009,16.41
ITA,SOCPROT,2010,19.76
ITA,SOCPROT,2011,20.01
ITA,SOCPROT,2012,20.36
ITA,SOCPROT,2013,22.2
ITA,SOCPROT,2014,23.66
ITA,EDU,2007,13.49
ITA,EDU,2008,12.89
ITA,EDU,2009,12.13
ITA,EDU,2010,11.95
ITA,EDU,2011,11.48
ITA,EDU,2012,11.21
ITA,EDU,2013,11.25
ITA,EDU,2014,12.1
ITA,GRALPUBSER,2007,31.76
ITA,GRALPUBSER,2008,33.59
ITA,GRALPUBSER,2009,29.91
ITA,GRALPUBSER,2010,27.73
ITA,GRALPUBSER,2011,32.78
ITA,GRALPUBSER,2012,33.89
ITA,GRALPUBSER,2013,30.56
ITA,GRALPUBSER,2014,27.21
ITA,ENVPROT,2007,0.72
ITA,ENVPROT,2008,0.84
ITA,ENVPROT,2009,0.71
ITA,ENVPROT,2010,0.63
ITA,ENVPROT,2011,0.61
ITA,ENVPROT,2012,0.55
ITA,ENVPROT,2013,0.5
ITA,ENVPROT,2014,0.44
ITA,DEF,2007,4.34
ITA,DEF,2008,4.7
ITA,DEF,2009,4.75
ITA,DEF,2010,4.54
ITA,DEF,2011,4.73
ITA,DEF,2012,4.33
ITA,DEF,2013,4.03
ITA,DEF,2014,4.08
ITA,HEALTH,2007,12.63
ITA,HEALTH,2008,13.42
ITA,HEALTH,2009,16.08
ITA,HEALTH,2010,16.45
ITA,HEALTH,2011,11.95
ITA,HEALTH,2012,10.48
ITA,HEALTH,2013,11.16
ITA,HEALTH,2014,12.97
ITA,HOUCOMM,2007,0.82
ITA,HOUCOMM,2008,1.03
ITA,HOUCOMM,2009,1.13
ITA,HOUCOMM,2010,1.41
ITA,HOUCOMM,2011,1.06
ITA,HOUCOMM,2012,1.03
ITA,HOUCOMM,2013,0.96
ITA,HOUCOMM,2014,0.52
ITA,PUBORD,2007,6.1
ITA,PUBORD,2008,5.85
ITA,PUBORD,2009,5.96
ITA,PUBORD,2010,6.1
ITA,PUBORD,2011,6.16
ITA,PUBORD,2012,5.77
ITA,PUBORD,2013,5.74
ITA,PUBORD,2014,5.62
ITA,ECOAFF,2007,11.95
ITA,ECOAFF,2008,10.88
ITA,ECOAFF,2009,11.31
ITA,ECOAFF,2010,10.09
ITA,ECOAFF,2011,10.65
ITA,ECOAFF,2012,11.08
ITA,ECOAFF,2013,12.17
ITA,ECOAFF,2014,11.99
ITA,RECULTREL,2007,1.7
ITA,RECULTREL,2008,1.7
ITA,RECULTREL,2009,1.6
ITA,RECULTREL,2010,1.36
ITA,RECULTREL,2011,0.57
ITA,RECULTREL,2012,1.28
ITA,RECULTREL,2013,1.44
ITA,RECULTREL,2014,1.42
JPN,DEF,2007,5.78
JPN,DEF,2008,5.59
JPN,DEF,2009,4.87
JPN,DEF,2010,4.76
JPN,DEF,2011,4.74
JPN,DEF,2012,4.88
JPN,DEF,2013,4.79
JPN,DEF,2014,5.11
JPN,ECOAFF,2007,14.5
JPN,ECOAFF,2008,17.26
JPN,ECOAFF,2009,15.23
JPN,ECOAFF,2010,12.25
JPN,ECOAFF,2011,12.15
JPN,ECOAFF,2012,12.86
JPN,ECOAFF,2013,12.9
JPN,ECOAFF,2014,12.06
JPN,EDU,2007,6.18
JPN,EDU,2008,5.87
JPN,EDU,2009,5.61
JPN,EDU,2010,5.74
JPN,EDU,2011,5.3
JPN,EDU,2012,5.22
JPN,EDU,2013,5.49
JPN,EDU,2014,5.23
JPN,ENVPROT,2007,1.19
JPN,ENVPROT,2008,1.05
JPN,ENVPROT,2009,2.08
JPN,ENVPROT,2010,0.89
JPN,ENVPROT,2011,1.52
JPN,ENVPROT,2012,0.84
JPN,ENVPROT,2013,1.19
JPN,ENVPROT,2014,1.04
JPN,GRALPUBSER,2007,37.57
JPN,GRALPUBSER,2008,36.39
JPN,GRALPUBSER,2009,33.18
JPN,GRALPUBSER,2010,36.37
JPN,GRALPUBSER,2011,36.17
JPN,GRALPUBSER,2012,36.27
JPN,GRALPUBSER,2013,34.99
JPN,GRALPUBSER,2014,35.64
JPN,HEALTH,2007,10.76
JPN,HEALTH,2008,9.87
JPN,HEALTH,2009,9.4
JPN,HEALTH,2010,9.28
JPN,HEALTH,2011,9.38
JPN,HEALTH,2012,9.3
JPN,HEALTH,2013,9.29
JPN,HEALTH,2014,9.64
JPN,HOUCOMM,2007,1.75
JPN,HOUCOMM,2008,1.47
JPN,HOUCOMM,2009,3.94
JPN,HOUCOMM,2010,3.62
JPN,HOUCOMM,2011,2.93
JPN,HOUCOMM,2012,2.36
JPN,HOUCOMM,2013,3.28
JPN,HOUCOMM,2014,3.31
JPN,PUBORD,2007,1.84
JPN,PUBORD,2008,1.7
JPN,PUBORD,2009,1.58
JPN,PUBORD,2010,1.52
JPN,PUBORD,2011,1.58
JPN,PUBORD,2012,1.5
JPN,PUBORD,2013,1.54
JPN,PUBORD,2014,1.53
JPN,RECULTREL,2007,0.23
JPN,RECULTREL,2008,0.2
JPN,RECULTREL,2009,0.19
JPN,RECULTREL,2010,0.18
JPN,RECULTREL,2011,0.16
JPN,RECULTREL,2012,0.16
JPN,RECULTREL,2013,0.14
JPN,RECULTREL,2014,0.16
JPN,SOCPROT,2007,20.19
JPN,SOCPROT,2008,20.6
JPN,SOCPROT,2009,23.93
JPN,SOCPROT,2010,25.4
JPN,SOCPROT,2011,26.06
JPN,SOCPROT,2012,26.6
JPN,SOCPROT,2013,26.39
JPN,SOCPROT,2014,26.29
KOR,GRALPUBSER,2007,22.85
KOR,GRALPUBSER,2008,26.06
KOR,GRALPUBSER,2009,23.53
KOR,GRALPUBSER,2010,21.66
KOR,GRALPUBSER,2011,20.71
KOR,GRALPUBSER,2012,21.03
KOR,GRALPUBSER,2013,25.52
KOR,GRALPUBSER,2014,25.11
KOR,SOCPROT,2007,9.77
KOR,SOCPROT,2008,9.41
KOR,SOCPROT,2009,9.35
KOR,SOCPROT,2010,11.09
KOR,SOCPROT,2011,10.88
KOR,SOCPROT,2012,11.06
KOR,SOCPROT,2013,11.15
KOR,SOCPROT,2014,11.72
KOR,ECOAFF,2007,22.76
KOR,ECOAFF,2008,21.59
KOR,ECOAFF,2009,23.65
KOR,ECOAFF,2010,21.34
KOR,ECOAFF,2011,26.16
KOR,ECOAFF,2012,24.16
KOR,ECOAFF,2013,19.19
KOR,ECOAFF,2014,17.66
KOR,RECULTREL,2007,1.64
KOR,RECULTREL,2008,1.26
KOR,RECULTREL,2009,1.3
KOR,RECULTREL,2010,1.5
KOR,RECULTREL,2011,1.4
KOR,RECULTREL,2012,1.55
KOR,RECULTREL,2013,1.41
KOR,RECULTREL,2014,1.4
KOR,EDU,2007,17.92
KOR,EDU,2008,18.33
KOR,EDU,2009,18.02
KOR,EDU,2010,19.31
KOR,EDU,2011,18.05
KOR,EDU,2012,19.14
KOR,EDU,2013,19.5
KOR,EDU,2014,19.49
KOR,HEALTH,2007,2.78
KOR,HEALTH,2008,3.07
KOR,HEALTH,2009,3.59
KOR,HEALTH,2010,3.96
KOR,HEALTH,2011,3.5
KOR,HEALTH,2012,3.64
KOR,HEALTH,2013,3.59
KOR,HEALTH,2014,3.57
KOR,HOUCOMM,2007,1.96
KOR,HOUCOMM,2008,1.5
KOR,HOUCOMM,2009,1.82
KOR,HOUCOMM,2010,1.61
KOR,HOUCOMM,2011,1.23
KOR,HOUCOMM,2012,1.19
KOR,HOUCOMM,2013,1.28
KOR,HOUCOMM,2014,1.33
KOR,DEF,2007,13.81
KOR,DEF,2008,12.96
KOR,DEF,2009,12.79
KOR,DEF,2010,13.35
KOR,DEF,2011,12.46
KOR,DEF,2012,12.35
KOR,DEF,2013,12.45
KOR,DEF,2014,12.52
KOR,ENVPROT,2007,0.93
KOR,ENVPROT,2008,0.91
KOR,ENVPROT,2009,1.21
KOR,ENVPROT,2010,1.23
KOR,ENVPROT,2011,1.05
KOR,ENVPROT,2012,1.08
KOR,ENVPROT,2013,1.08
KOR,ENVPROT,2014,2.23
KOR,PUBORD,2007,5.59
KOR,PUBORD,2008,4.91
KOR,PUBORD,2009,4.73
KOR,PUBORD,2010,4.95
KOR,PUBORD,2011,4.57
KOR,PUBORD,2012,4.8
KOR,PUBORD,2013,4.84
KOR,PUBORD,2014,4.97
LTU,DEF,2007,7.14
LTU,DEF,2008,5.09
LTU,DEF,2009,4.71
LTU,DEF,2010,4.12
LTU,DEF,2011,3.5
LTU,DEF,2012,4.23
LTU,DEF,2013,4.08
LTU,DEF,2014,4.58
LTU,ECOAFF,2007,12.79
LTU,ECOAFF,2008,12.89
LTU,ECOAFF,2009,11.9
LTU,ECOAFF,2010,12.13
LTU,ECOAFF,2011,10.76
LTU,ECOAFF,2012,10.09
LTU,ECOAFF,2013,11.2
LTU,ECOAFF,2014,11.01
LTU,EDU,2007,8.62
LTU,EDU,2008,10.04
LTU,EDU,2009,10.23
LTU,EDU,2010,9.25
LTU,EDU,2011,8.48
LTU,EDU,2012,11.04
LTU,EDU,2013,10.78
LTU,EDU,2014,10.77
LTU,ENVPROT,2007,0.72
LTU,ENVPROT,2008,0.65
LTU,ENVPROT,2009,0.61
LTU,ENVPROT,2010,0.71
LTU,ENVPROT,2011,-0.03
LTU,ENVPROT,2012,0.39
LTU,ENVPROT,2013,0.68
LTU,ENVPROT,2014,1.18
LTU,GRALPUBSER,2007,44.46
LTU,GRALPUBSER,2008,43.32
LTU,GRALPUBSER,2009,40.13
LTU,GRALPUBSER,2010,44.36
LTU,GRALPUBSER,2011,51.61
LTU,GRALPUBSER,2012,45.55
LTU,GRALPUBSER,2013,45.89
LTU,GRALPUBSER,2014,42.9
LTU,HEALTH,2007,9.55
LTU,HEALTH,2008,9.51
LTU,HEALTH,2009,12.03
LTU,HEALTH,2010,13.11
LTU,HEALTH,2011,11.61
LTU,HEALTH,2012,12.33
LTU,HEALTH,2013,11.92
LTU,HEALTH,2014,12.05
LTU,HOUCOMM,2007,0.09
LTU,HOUCOMM,2008,0.14
LTU,HOUCOMM,2009,0.42
LTU,HOUCOMM,2010,0.06
LTU,HOUCOMM,2011,0.04
LTU,HOUCOMM,2012,0.03
LTU,HOUCOMM,2013,0.04
LTU,HOUCOMM,2014,0.26
LTU,PUBORD,2007,6.36
LTU,PUBORD,2008,6.62
LTU,PUBORD,2009,6.32
LTU,PUBORD,2010,6.24
LTU,PUBORD,2011,5.42
LTU,PUBORD,2012,6.18
LTU,PUBORD,2013,5.68
LTU,PUBORD,2014,6.2
LTU,RECULTREL,2007,2.45
LTU,RECULTREL,2008,2.5
LTU,RECULTREL,2009,2.33
LTU,RECULTREL,2010,1.72
LTU,RECULTREL,2011,1.57
LTU,RECULTREL,2012,1.94
LTU,RECULTREL,2013,1.94
LTU,RECULTREL,2014,2.18
LTU,SOCPROT,2007,7.82
LTU,SOCPROT,2008,9.23
LTU,SOCPROT,2009,11.31
LTU,SOCPROT,2010,8.3
LTU,SOCPROT,2011,7.03
LTU,SOCPROT,2012,8.21
LTU,SOCPROT,2013,7.8
LTU,SOCPROT,2014,8.86
LUX,SOCPROT,2007,42.16
LUX,SOCPROT,2008,43
LUX,SOCPROT,2009,43.05
LUX,SOCPROT,2010,41.78
LUX,SOCPROT,2011,40.46
LUX,SOCPROT,2012,40.43
LUX,SOCPROT,2013,41.26
LUX,SOCPROT,2014,41.58
LUX,EDU,2007,13.95
LUX,EDU,2008,14.32
LUX,EDU,2009,14.41
LUX,EDU,2010,14.83
LUX,EDU,2011,15.18
LUX,EDU,2012,15.42
LUX,EDU,2013,15.66
LUX,EDU,2014,15.93
LUX,GRALPUBSER,2007,19.98
LUX,GRALPUBSER,2008,20.22
LUX,GRALPUBSER,2009,18.89
LUX,GRALPUBSER,2010,19.94
LUX,GRALPUBSER,2011,19.9
LUX,GRALPUBSER,2012,20.01
LUX,GRALPUBSER,2013,19.09
LUX,GRALPUBSER,2014,18.22
LUX,DEF,2007,0.9
LUX,DEF,2008,0.94
LUX,DEF,2009,1.01
LUX,DEF,2010,1.7
LUX,DEF,2011,1.35
LUX,DEF,2012,1.16
LUX,DEF,2013,1.09
LUX,DEF,2014,1.03
LUX,ENVPROT,2007,1.4
LUX,ENVPROT,2008,1.38
LUX,ENVPROT,2009,1.56
LUX,ENVPROT,2010,1.66
LUX,ENVPROT,2011,1.53
LUX,ENVPROT,2012,1.48
LUX,ENVPROT,2013,1.58
LUX,ENVPROT,2014,1.61
LUX,HEALTH,2007,1.64
LUX,HEALTH,2008,1.62
LUX,HEALTH,2009,2
LUX,HEALTH,2010,1.83
LUX,HEALTH,2011,1.97
LUX,HEALTH,2012,2.01
LUX,HEALTH,2013,2.08
LUX,HEALTH,2014,1.91
LUX,HOUCOMM,2007,1.35
LUX,HOUCOMM,2008,1.56
LUX,HOUCOMM,2009,1.95
LUX,HOUCOMM,2010,1.74
LUX,HOUCOMM,2011,1.73
LUX,HOUCOMM,2012,1.92
LUX,HOUCOMM,2013,1.83
LUX,HOUCOMM,2014,2.01
LUX,PUBORD,2007,3.13
LUX,PUBORD,2008,3.09
LUX,PUBORD,2009,3.05
LUX,PUBORD,2010,3.1
LUX,PUBORD,2011,3.02
LUX,PUBORD,2012,2.92
LUX,PUBORD,2013,2.91
LUX,PUBORD,2014,2.95
LUX,ECOAFF,2007,12.78
LUX,ECOAFF,2008,11.54
LUX,ECOAFF,2009,11.89
LUX,ECOAFF,2010,11.46
LUX,ECOAFF,2011,13.03
LUX,ECOAFF,2012,12.67
LUX,ECOAFF,2013,12.48
LUX,ECOAFF,2014,12.73
LUX,RECULTREL,2007,2.7
LUX,RECULTREL,2008,2.32
LUX,RECULTREL,2009,2.2
LUX,RECULTREL,2010,1.96
LUX,RECULTREL,2011,1.85
LUX,RECULTREL,2012,1.98
LUX,RECULTREL,2013,2.01
LUX,RECULTREL,2014,2.04
LVA,DEF,2007,6.89
LVA,DEF,2008,6.62
LVA,DEF,2009,4.83
LVA,DEF,2010,3.92
LVA,DEF,2011,4.4
LVA,DEF,2012,4.07
LVA,DEF,2013,4.26
LVA,DEF,2014,3.97
LVA,ECOAFF,2007,19.25
LVA,ECOAFF,2008,23.03
LVA,ECOAFF,2009,24.47
LVA,ECOAFF,2010,29.27
LVA,ECOAFF,2011,20.96
LVA,ECOAFF,2012,19.98
LVA,ECOAFF,2013,19.39
LVA,ECOAFF,2014,18.96
LVA,EDU,2007,17.03
LVA,EDU,2008,17.89
LVA,EDU,2009,17.26
LVA,EDU,2010,14.74
LVA,EDU,2011,16.82
LVA,EDU,2012,16.98
LVA,EDU,2013,16.41
LVA,EDU,2014,15.93
LVA,ENVPROT,2007,3.34
LVA,ENVPROT,2008,3.05
LVA,ENVPROT,2009,0.88
LVA,ENVPROT,2010,0.77
LVA,ENVPROT,2011,3.05
LVA,ENVPROT,2012,2.91
LVA,ENVPROT,2013,2.88
LVA,ENVPROT,2014,2.6
LVA,GRALPUBSER,2007,14.97
LVA,GRALPUBSER,2008,14.04
LVA,GRALPUBSER,2009,17.34
LVA,GRALPUBSER,2010,17.2
LVA,GRALPUBSER,2011,19.47
LVA,GRALPUBSER,2012,20.17
LVA,GRALPUBSER,2013,20.52
LVA,GRALPUBSER,2014,19.6
LVA,HEALTH,2007,14.87
LVA,HEALTH,2008,15.57
LVA,HEALTH,2009,15.37
LVA,HEALTH,2010,14.54
LVA,HEALTH,2011,16.33
LVA,HEALTH,2012,16.66
LVA,HEALTH,2013,15.86
LVA,HEALTH,2014,15.49
LVA,HOUCOMM,2007,1.54
LVA,HOUCOMM,2008,1.99
LVA,HOUCOMM,2009,2.14
LVA,HOUCOMM,2010,3.36
LVA,HOUCOMM,2011,1.26
LVA,HOUCOMM,2012,1.45
LVA,HOUCOMM,2013,1.81
LVA,HOUCOMM,2014,1.36
LVA,PUBORD,2007,10.97
LVA,PUBORD,2008,8.85
LVA,PUBORD,2009,7.65
LVA,PUBORD,2010,6.7
LVA,PUBORD,2011,7.52
LVA,PUBORD,2012,7.71
LVA,PUBORD,2013,8.41
LVA,PUBORD,2014,8.21
LVA,RECULTREL,2007,4.6
LVA,RECULTREL,2008,3.96
LVA,RECULTREL,2009,3.87
LVA,RECULTREL,2010,3.1
LVA,RECULTREL,2011,3.61
LVA,RECULTREL,2012,3.7
LVA,RECULTREL,2013,3.77
LVA,RECULTREL,2014,3.65
LVA,SOCPROT,2007,6.54
LVA,SOCPROT,2008,5
LVA,SOCPROT,2009,6.2
LVA,SOCPROT,2010,6.41
LVA,SOCPROT,2011,6.59
LVA,SOCPROT,2012,6.37
LVA,SOCPROT,2013,6.69
LVA,SOCPROT,2014,10.23
NLD,ENVPROT,2007,0.94
NLD,ENVPROT,2008,0.92
NLD,ENVPROT,2009,1.01
NLD,ENVPROT,2010,0.76
NLD,ENVPROT,2011,0.81
NLD,ENVPROT,2012,0.62
NLD,ENVPROT,2013,0.62
NLD,ENVPROT,2014,0.39
NLD,ECOAFF,2007,11.16
NLD,ECOAFF,2008,11.05
NLD,ECOAFF,2009,12.88
NLD,ECOAFF,2010,11.66
NLD,ECOAFF,2011,11.29
NLD,ECOAFF,2012,10.82
NLD,ECOAFF,2013,9.49
NLD,ECOAFF,2014,10.74
NLD,RECULTREL,2007,1.23
NLD,RECULTREL,2008,1.46
NLD,RECULTREL,2009,1.28
NLD,RECULTREL,2010,1.25
NLD,RECULTREL,2011,1.2
NLD,RECULTREL,2012,1.26
NLD,RECULTREL,2013,1.11
NLD,RECULTREL,2014,1.12
NLD,EDU,2007,16.39
NLD,EDU,2008,16.48
NLD,EDU,2009,16.18
NLD,EDU,2010,15.26
NLD,EDU,2011,16.61
NLD,EDU,2012,17.13
NLD,EDU,2013,18.2
NLD,EDU,2014,17.47
NLD,GRALPUBSER,2007,29.5
NLD,GRALPUBSER,2008,29.87
NLD,GRALPUBSER,2009,27.23
NLD,GRALPUBSER,2010,27.58
NLD,GRALPUBSER,2011,28.35
NLD,GRALPUBSER,2012,27.3
NLD,GRALPUBSER,2013,28.34
NLD,GRALPUBSER,2014,28.21
NLD,HEALTH,2007,6.3
NLD,HEALTH,2008,6.43
NLD,HEALTH,2009,6.34
NLD,HEALTH,2010,9.23
NLD,HEALTH,2011,6.84
NLD,HEALTH,2012,6.98
NLD,HEALTH,2013,6.01
NLD,HEALTH,2014,6.04
NLD,SOCPROT,2007,22.23
NLD,SOCPROT,2008,21.57
NLD,SOCPROT,2009,22.98
NLD,SOCPROT,2010,23.43
NLD,SOCPROT,2011,23.46
NLD,SOCPROT,2012,24.85
NLD,SOCPROT,2013,24.44
NLD,SOCPROT,2014,24.97
NLD,DEF,2007,5.1
NLD,DEF,2008,4.88
NLD,DEF,2009,4.76
NLD,DEF,2010,4.32
NLD,DEF,2011,4.6
NLD,DEF,2012,4.26
NLD,DEF,2013,4.46
NLD,DEF,2014,4.18
NLD,HOUCOMM,2007,0.76
NLD,HOUCOMM,2008,0.85
NLD,HOUCOMM,2009,1.13
NLD,HOUCOMM,2010,0.6
NLD,HOUCOMM,2011,0.45
NLD,HOUCOMM,2012,0.36
NLD,HOUCOMM,2013,0.52
NLD,HOUCOMM,2014,0.54
NLD,PUBORD,2007,6.38
NLD,PUBORD,2008,6.49
NLD,PUBORD,2009,6.21
NLD,PUBORD,2010,5.9
NLD,PUBORD,2011,6.39
NLD,PUBORD,2012,6.42
NLD,PUBORD,2013,6.8
NLD,PUBORD,2014,6.35
NOR,EDU,2007,4.47
NOR,EDU,2008,4.45
NOR,EDU,2009,4.28
NOR,EDU,2010,4.29
NOR,EDU,2011,4.22
NOR,EDU,2012,4.23
NOR,EDU,2013,3.92
NOR,EDU,2014,4.26
NOR,DEF,2007,4.7
NOR,DEF,2008,4.69
NOR,DEF,2009,4.42
NOR,DEF,2010,4.09
NOR,DEF,2011,4.31
NOR,DEF,2012,3.9
NOR,DEF,2013,3.84
NOR,DEF,2014,3.89
NOR,ENVPROT,2007,0.35
NOR,ENVPROT,2008,0.58
NOR,ENVPROT,2009,0.72
NOR,ENVPROT,2010,0.77
NOR,ENVPROT,2011,0.77
NOR,ENVPROT,2012,0.67
NOR,ENVPROT,2013,0.74
NOR,ENVPROT,2014,0.58
NOR,HEALTH,2007,15.93
NOR,HEALTH,2008,15.79
NOR,HEALTH,2009,15.16
NOR,HEALTH,2010,15.36
NOR,HEALTH,2011,15.22
NOR,HEALTH,2012,15.48
NOR,HEALTH,2013,15.56
NOR,HEALTH,2014,15.61
NOR,HOUCOMM,2007,0.13
NOR,HOUCOMM,2008,0.13
NOR,HOUCOMM,2009,0.15
NOR,HOUCOMM,2010,0.15
NOR,HOUCOMM,2011,0.13
NOR,HOUCOMM,2012,0.14
NOR,HOUCOMM,2013,0.06
NOR,HOUCOMM,2014,0.14
NOR,PUBORD,2007,2.16
NOR,PUBORD,2008,2.18
NOR,PUBORD,2009,2.22
NOR,PUBORD,2010,2.24
NOR,PUBORD,2011,2.23
NOR,PUBORD,2012,2.26
NOR,PUBORD,2013,2.37
NOR,PUBORD,2014,2.34
NOR,SOCPROT,2007,39.36
NOR,SOCPROT,2008,40.13
NOR,SOCPROT,2009,41.12
NOR,SOCPROT,2010,42.01
NOR,SOCPROT,2011,39.22
NOR,SOCPROT,2012,39.49
NOR,SOCPROT,2013,39.58
NOR,SOCPROT,2014,39.05
NOR,ECOAFF,2007,9.07
NOR,ECOAFF,2008,9.33
NOR,ECOAFF,2009,9.9
NOR,ECOAFF,2010,9.12
NOR,ECOAFF,2011,8.75
NOR,ECOAFF,2012,9.09
NOR,ECOAFF,2013,9.17
NOR,ECOAFF,2014,9.63
NOR,RECULTREL,2007,1.6
NOR,RECULTREL,2008,1.67
NOR,RECULTREL,2009,1.73
NOR,RECULTREL,2010,1.68
NOR,RECULTREL,2011,1.72
NOR,RECULTREL,2012,1.71
NOR,RECULTREL,2013,1.75
NOR,RECULTREL,2014,1.81
NOR,GRALPUBSER,2007,22.23
NOR,GRALPUBSER,2008,21.04
NOR,GRALPUBSER,2009,20.3
NOR,GRALPUBSER,2010,20.28
NOR,GRALPUBSER,2011,23.43
NOR,GRALPUBSER,2012,23.01
NOR,GRALPUBSER,2013,23.01
NOR,GRALPUBSER,2014,22.69
OAVG,DEF,2007,6.19
OAVG,DEF,2008,6.17
OAVG,DEF,2009,5.85
OAVG,DEF,2010,5.74
OAVG,DEF,2011,5.57
OAVG,DEF,2012,5.41
OAVG,DEF,2013,5.32
OAVG,DEF,2014,5.3
OAVG,ECOAFF,2007,11.84
OAVG,ECOAFF,2008,12.57
OAVG,ECOAFF,2009,12.62
OAVG,ECOAFF,2010,13.35
OAVG,ECOAFF,2011,12.32
OAVG,ECOAFF,2012,12.14
OAVG,ECOAFF,2013,12.49
OAVG,ECOAFF,2014,11.72
OAVG,EDU,2007,11.02
OAVG,EDU,2008,11
OAVG,EDU,2009,10.8
OAVG,EDU,2010,10.55
OAVG,EDU,2011,10.69
OAVG,EDU,2012,10.74
OAVG,EDU,2013,10.6
OAVG,EDU,2014,10.84
OAVG,ENVPROT,2007,0.93
OAVG,ENVPROT,2008,0.93
OAVG,ENVPROT,2009,0.9
OAVG,ENVPROT,2010,0.76
OAVG,ENVPROT,2011,0.87
OAVG,ENVPROT,2012,0.96
OAVG,ENVPROT,2013,0.93
OAVG,ENVPROT,2014,1.01
OAVG,GRALPUBSER,2007,28.71
OAVG,GRALPUBSER,2008,28.56
OAVG,GRALPUBSER,2009,28.06
OAVG,GRALPUBSER,2010,27.49
OAVG,GRALPUBSER,2011,28.57
OAVG,GRALPUBSER,2012,28.71
OAVG,GRALPUBSER,2013,28.84
OAVG,GRALPUBSER,2014,28.73
OAVG,HEALTH,2007,8.42
OAVG,HEALTH,2008,8.39
OAVG,HEALTH,2009,8.46
OAVG,HEALTH,2010,8.81
OAVG,HEALTH,2011,8.89
OAVG,HEALTH,2012,9.08
OAVG,HEALTH,2013,9.07
OAVG,HEALTH,2014,9.31
OAVG,HOUCOMM,2007,0.95
OAVG,HOUCOMM,2008,0.92
OAVG,HOUCOMM,2009,1.21
OAVG,HOUCOMM,2010,1.13
OAVG,HOUCOMM,2011,0.98
OAVG,HOUCOMM,2012,0.94
OAVG,HOUCOMM,2013,0.87
OAVG,HOUCOMM,2014,0.9
OAVG,PUBORD,2007,4.69
OAVG,PUBORD,2008,4.65
OAVG,PUBORD,2009,4.44
OAVG,PUBORD,2010,4.37
OAVG,PUBORD,2011,4.4
OAVG,PUBORD,2012,4.33
OAVG,PUBORD,2013,4.37
OAVG,PUBORD,2014,4.44
OAVG,RECULTREL,2007,1.68
OAVG,RECULTREL,2008,1.68
OAVG,RECULTREL,2009,1.62
OAVG,RECULTREL,2010,1.58
OAVG,RECULTREL,2011,1.55
OAVG,RECULTREL,2012,1.57
OAVG,RECULTREL,2013,1.54
OAVG,RECULTREL,2014,1.58
OAVG,SOCPROT,2007,25.56
OAVG,SOCPROT,2008,25.12
OAVG,SOCPROT,2009,26.04
OAVG,SOCPROT,2010,26.22
OAVG,SOCPROT,2011,26.15
OAVG,SOCPROT,2012,26.13
OAVG,SOCPROT,2013,25.96
OAVG,SOCPROT,2014,26.17
OECD,SOCPROT,2007,26.67
OECD,SOCPROT,2008,26.99
OECD,SOCPROT,2009,27.62
OECD,SOCPROT,2010,28.47
OECD,SOCPROT,2011,28.47
OECD,SOCPROT,2012,28.38
OECD,SOCPROT,2013,28.89
OECD,SOCPROT,2014,28.81
OECD,HEALTH,2007,14.79
OECD,HEALTH,2008,14.36
OECD,HEALTH,2009,14.9
OECD,HEALTH,2010,15.03
OECD,HEALTH,2011,14.7
OECD,HEALTH,2012,14.74
OECD,HEALTH,2013,15.19
OECD,HEALTH,2014,16.19
OECD,HOUCOMM,2007,1.48
OECD,HOUCOMM,2008,1.4
OECD,HOUCOMM,2009,2.81
OECD,HOUCOMM,2010,2.41
OECD,HOUCOMM,2011,2.1
OECD,HOUCOMM,2012,1.88
OECD,HOUCOMM,2013,1.67
OECD,HOUCOMM,2014,1.71
OECD,GRALPUBSER,2007,24.95
OECD,GRALPUBSER,2008,24.11
OECD,GRALPUBSER,2009,22.47
OECD,GRALPUBSER,2010,22.32
OECD,GRALPUBSER,2011,23.54
OECD,GRALPUBSER,2012,23.82
OECD,GRALPUBSER,2013,23.98
OECD,GRALPUBSER,2014,23.54
OECD,DEF,2007,10.98
OECD,DEF,2008,11.07
OECD,DEF,2009,10.6
OECD,DEF,2010,10.58
OECD,DEF,2011,10.56
OECD,DEF,2012,10.2
OECD,DEF,2013,9.7
OECD,DEF,2014,9.41
OECD,ENVPROT,2007,0.52
OECD,ENVPROT,2008,0.49
OECD,ENVPROT,2009,0.65
OECD,ENVPROT,2010,0.49
OECD,ENVPROT,2011,0.55
OECD,ENVPROT,2012,0.48
OECD,ENVPROT,2013,0.52
OECD,ENVPROT,2014,0.55
OECD,PUBORD,2007,3.23
OECD,PUBORD,2008,3.19
OECD,PUBORD,2009,3.11
OECD,PUBORD,2010,3.04
OECD,PUBORD,2011,3.06
OECD,PUBORD,2012,3.03
OECD,PUBORD,2013,3.08
OECD,PUBORD,2014,3.07
OECD,ECOAFF,2007,9.08
OECD,ECOAFF,2008,10.27
OECD,ECOAFF,2009,9.83
OECD,ECOAFF,2010,9.55
OECD,ECOAFF,2011,9.04
OECD,ECOAFF,2012,9.57
OECD,ECOAFF,2013,9.06
OECD,ECOAFF,2014,8.71
OECD,RECULTREL,2007,0.83
OECD,RECULTREL,2008,0.82
OECD,RECULTREL,2009,0.77
OECD,RECULTREL,2010,0.74
OECD,RECULTREL,2011,0.68
OECD,RECULTREL,2012,0.72
OECD,RECULTREL,2013,0.71
OECD,RECULTREL,2014,0.72
OECD,EDU,2007,7.45
OECD,EDU,2008,7.29
OECD,EDU,2009,7.25
OECD,EDU,2010,7.37
OECD,EDU,2011,7.31
OECD,EDU,2012,7.16
OECD,EDU,2013,7.22
OECD,EDU,2014,7.3
POL,ENVPROT,2007,0.41
POL,ENVPROT,2008,0.58
POL,ENVPROT,2009,0.46
POL,ENVPROT,2010,0.56
POL,ENVPROT,2011,0.75
POL,ENVPROT,2012,0.66
POL,ENVPROT,2013,0.84
POL,ENVPROT,2014,1
POL,ECOAFF,2007,12.66
POL,ECOAFF,2008,13.45
POL,ECOAFF,2009,13.44
POL,ECOAFF,2010,12.82
POL,ECOAFF,2011,13.22
POL,ECOAFF,2012,12.49
POL,ECOAFF,2013,9.06
POL,ECOAFF,2014,11.96
POL,RECULTREL,2007,1.31
POL,RECULTREL,2008,1.5
POL,RECULTREL,2009,1.21
POL,RECULTREL,2010,1.35
POL,RECULTREL,2011,1.18
POL,RECULTREL,2012,1.13
POL,RECULTREL,2013,1.1
POL,RECULTREL,2014,1.1
POL,EDU,2007,19.13
POL,EDU,2008,18.58
POL,EDU,2009,15.37
POL,EDU,2010,15.06
POL,EDU,2011,16.2
POL,EDU,2012,16.53
POL,EDU,2013,16.71
POL,EDU,2014,17.82
POL,GRALPUBSER,2007,18.6
POL,GRALPUBSER,2008,17.29
POL,GRALPUBSER,2009,19.93
POL,GRALPUBSER,2010,19.47
POL,GRALPUBSER,2011,19.82
POL,GRALPUBSER,2012,21.04
POL,GRALPUBSER,2013,22.06
POL,GRALPUBSER,2014,20.42
POL,SOCPROT,2007,26.15
POL,SOCPROT,2008,27.23
POL,SOCPROT,2009,29.97
POL,SOCPROT,2010,31.93
POL,SOCPROT,2011,29
POL,SOCPROT,2012,28.03
POL,SOCPROT,2013,28.43
POL,SOCPROT,2014,25.76
POL,DEF,2007,7.93
POL,DEF,2008,7.49
POL,DEF,2009,5.94
POL,DEF,2010,5.97
POL,DEF,2011,6.14
POL,DEF,2012,5.98
POL,DEF,2013,6.96
POL,DEF,2014,6.61
POL,HEALTH,2007,4.28
POL,HEALTH,2008,4.53
POL,HEALTH,2009,4.32
POL,HEALTH,2010,4.28
POL,HEALTH,2011,4.43
POL,HEALTH,2012,4.81
POL,HEALTH,2013,5.14
POL,HEALTH,2014,5.35
POL,HOUCOMM,2007,1.09
POL,HOUCOMM,2008,0.85
POL,HOUCOMM,2009,0.67
POL,HOUCOMM,2010,0.39
POL,HOUCOMM,2011,0.98
POL,HOUCOMM,2012,0.81
POL,HOUCOMM,2013,0.94
POL,HOUCOMM,2014,0.76
POL,PUBORD,2007,8.43
POL,PUBORD,2008,8.52
POL,PUBORD,2009,8.69
POL,PUBORD,2010,8.18
POL,PUBORD,2011,8.27
POL,PUBORD,2012,8.52
POL,PUBORD,2013,8.76
POL,PUBORD,2014,9.23
PRT,ECOAFF,2007,8.68
PRT,ECOAFF,2008,9.66
PRT,ECOAFF,2009,8.84
PRT,ECOAFF,2010,11.94
PRT,ECOAFF,2011,8.54
PRT,ECOAFF,2012,7.99
PRT,ECOAFF,2013,7.43
PRT,ECOAFF,2014,15.07
PRT,RECULTREL,2007,1.33
PRT,RECULTREL,2008,1.25
PRT,RECULTREL,2009,1.26
PRT,RECULTREL,2010,1.01
PRT,RECULTREL,2011,1.13
PRT,RECULTREL,2012,0.9
PRT,RECULTREL,2013,0.79
PRT,RECULTREL,2014,0.83
PRT,EDU,2007,17.38
PRT,EDU,2008,18.13
PRT,EDU,2009,17.44
PRT,EDU,2010,17.27
PRT,EDU,2011,16.49
PRT,EDU,2012,14.3
PRT,EDU,2013,14.04
PRT,EDU,2014,13.32
PRT,GRALPUBSER,2007,30.96
PRT,GRALPUBSER,2008,28.65
PRT,GRALPUBSER,2009,29.87
PRT,GRALPUBSER,2010,29.12
PRT,GRALPUBSER,2011,33.08
PRT,GRALPUBSER,2012,38.27
PRT,GRALPUBSER,2013,38.52
PRT,GRALPUBSER,2014,34.68
PRT,ENVPROT,2007,0.35
PRT,ENVPROT,2008,0.38
PRT,ENVPROT,2009,0.23
PRT,ENVPROT,2010,0.21
PRT,ENVPROT,2011,0.23
PRT,ENVPROT,2012,0.13
PRT,ENVPROT,2013,0.2
PRT,ENVPROT,2014,0.23
PRT,DEF,2007,3.61
PRT,DEF,2008,3.85
PRT,DEF,2009,4.09
PRT,DEF,2010,5.03
PRT,DEF,2011,3.43
PRT,DEF,2012,3.08
PRT,DEF,2013,2.95
PRT,DEF,2014,2.52
PRT,HOUCOMM,2007,0.57
PRT,HOUCOMM,2008,0.62
PRT,HOUCOMM,2009,0.56
PRT,HOUCOMM,2010,0.31
PRT,HOUCOMM,2011,0.34
PRT,HOUCOMM,2012,0.29
PRT,HOUCOMM,2013,0.24
PRT,HOUCOMM,2014,0.28
PRT,PUBORD,2007,5.13
PRT,PUBORD,2008,5.28
PRT,PUBORD,2009,5.11
PRT,PUBORD,2010,5.29
PRT,PUBORD,2011,5.46
PRT,PUBORD,2012,4.98
PRT,PUBORD,2013,5.35
PRT,PUBORD,2014,4.93
PRT,HEALTH,2007,19.81
PRT,HEALTH,2008,20.01
PRT,HEALTH,2009,19.88
PRT,HEALTH,2010,17.54
PRT,HEALTH,2011,17.19
PRT,HEALTH,2012,16.96
PRT,HEALTH,2013,15.98
PRT,HEALTH,2014,14.76
PRT,SOCPROT,2007,12.18
PRT,SOCPROT,2008,12.18
PRT,SOCPROT,2009,12.73
PRT,SOCPROT,2010,12.29
PRT,SOCPROT,2011,14.1
PRT,SOCPROT,2012,13.09
PRT,SOCPROT,2013,14.51
PRT,SOCPROT,2014,13.39
SVK,EDU,2007,11.02
SVK,EDU,2008,10.75
SVK,EDU,2009,11.09
SVK,EDU,2010,10.89
SVK,EDU,2011,11.52
SVK,EDU,2012,11.58
SVK,EDU,2013,11.15
SVK,EDU,2014,11.47
SVK,DEF,2007,3.33
SVK,DEF,2008,3.35
SVK,DEF,2009,3.24
SVK,DEF,2010,3.31
SVK,DEF,2011,3.4
SVK,DEF,2012,3.38
SVK,DEF,2013,3.53
SVK,DEF,2014,3.53
SVK,ENVPROT,2007,1.42
SVK,ENVPROT,2008,1.64
SVK,ENVPROT,2009,1.66
SVK,ENVPROT,2010,1.41
SVK,ENVPROT,2011,1.26
SVK,ENVPROT,2012,1.19
SVK,ENVPROT,2013,1.21
SVK,ENVPROT,2014,1.15
SVK,PUBORD,2007,7.79
SVK,PUBORD,2008,7.95
SVK,PUBORD,2009,7.54
SVK,PUBORD,2010,7.61
SVK,PUBORD,2011,7.91
SVK,PUBORD,2012,7.81
SVK,PUBORD,2013,8.24
SVK,PUBORD,2014,8.36
SVK,HEALTH,2007,6.27
SVK,HEALTH,2008,6.25
SVK,HEALTH,2009,6.03
SVK,HEALTH,2010,6.08
SVK,HEALTH,2011,6.34
SVK,HEALTH,2012,6.22
SVK,HEALTH,2013,6.48
SVK,HEALTH,2014,6.56
SVK,HOUCOMM,2007,0.84
SVK,HOUCOMM,2008,0.87
SVK,HOUCOMM,2009,1.01
SVK,HOUCOMM,2010,0.91
SVK,HOUCOMM,2011,0.91
SVK,HOUCOMM,2012,0.78
SVK,HOUCOMM,2013,0.71
SVK,HOUCOMM,2014,0.68
SVK,SOCPROT,2007,24.88
SVK,SOCPROT,2008,23.85
SVK,SOCPROT,2009,23.58
SVK,SOCPROT,2010,28.92
SVK,SOCPROT,2011,27.45
SVK,SOCPROT,2012,28.05
SVK,SOCPROT,2013,24.76
SVK,SOCPROT,2014,23.92
SVK,ECOAFF,2007,15.38
SVK,ECOAFF,2008,16.97
SVK,ECOAFF,2009,16.57
SVK,ECOAFF,2010,14.63
SVK,ECOAFF,2011,13.95
SVK,ECOAFF,2012,13.31
SVK,ECOAFF,2013,14.05
SVK,ECOAFF,2014,14.21
SVK,RECULTREL,2007,2.09
SVK,RECULTREL,2008,2.08
SVK,RECULTREL,2009,2.09
SVK,RECULTREL,2010,2.06
SVK,RECULTREL,2011,2.11
SVK,RECULTREL,2012,2.06
SVK,RECULTREL,2013,2.07
SVK,RECULTREL,2014,2.11
SVK,GRALPUBSER,2007,26.99
SVK,GRALPUBSER,2008,26.3
SVK,GRALPUBSER,2009,27.2
SVK,GRALPUBSER,2010,24.18
SVK,GRALPUBSER,2011,25.17
SVK,GRALPUBSER,2012,25.61
SVK,GRALPUBSER,2013,27.81
SVK,GRALPUBSER,2014,28.01
SVN,HEALTH,2007,11.59
SVN,HEALTH,2008,11.93
SVN,HEALTH,2009,12
SVN,HEALTH,2010,12.4
SVN,HEALTH,2011,12.04
SVN,HEALTH,2012,13.09
SVN,HEALTH,2013,9.18
SVN,HEALTH,2014,11.2
SVN,SOCPROT,2007,23.96
SVN,SOCPROT,2008,23.33
SVN,SOCPROT,2009,24.98
SVN,SOCPROT,2010,26.18
SVN,SOCPROT,2011,27.85
SVN,SOCPROT,2012,27.39
SVN,SOCPROT,2013,20.74
SVN,SOCPROT,2014,25.88
SVN,EDU,2007,18
SVN,EDU,2008,17.7
SVN,EDU,2009,18.52
SVN,EDU,2010,16.63
SVN,EDU,2011,15.24
SVN,EDU,2012,16.17
SVN,EDU,2013,11.58
SVN,EDU,2014,13.2
SVN,GRALPUBSER,2007,18.18
SVN,GRALPUBSER,2008,16.35
SVN,GRALPUBSER,2009,16.2
SVN,GRALPUBSER,2010,15.75
SVN,GRALPUBSER,2011,15.77
SVN,GRALPUBSER,2012,16.77
SVN,GRALPUBSER,2013,14.09
SVN,GRALPUBSER,2014,20.49
SVN,ENVPROT,2007,1.76
SVN,ENVPROT,2008,1.6
SVN,ENVPROT,2009,1.63
SVN,ENVPROT,2010,1.42
SVN,ENVPROT,2011,1.58
SVN,ENVPROT,2012,1.51
SVN,ENVPROT,2013,1.14
SVN,ENVPROT,2014,2.69
SVN,DEF,2007,5.27
SVN,DEF,2008,5.21
SVN,DEF,2009,5.07
SVN,DEF,2010,4.81
SVN,DEF,2011,3.58
SVN,DEF,2012,3.47
SVN,DEF,2013,2.28
SVN,DEF,2014,2.64
SVN,HOUCOMM,2007,0.77
SVN,HOUCOMM,2008,0.95
SVN,HOUCOMM,2009,0.85
SVN,HOUCOMM,2010,0.78
SVN,HOUCOMM,2011,0.63
SVN,HOUCOMM,2012,1.09
SVN,HOUCOMM,2013,0.64
SVN,HOUCOMM,2014,0.57
SVN,PUBORD,2007,6.02
SVN,PUBORD,2008,5.87
SVN,PUBORD,2009,5.67
SVN,PUBORD,2010,5.74
SVN,PUBORD,2011,5.27
SVN,PUBORD,2012,5.41
SVN,PUBORD,2013,4
SVN,PUBORD,2014,4.67
SVN,ECOAFF,2007,11.97
SVN,ECOAFF,2008,13.37
SVN,ECOAFF,2009,11.5
SVN,ECOAFF,2010,12.5
SVN,ECOAFF,2011,14.53
SVN,ECOAFF,2012,11.49
SVN,ECOAFF,2013,33.71
SVN,ECOAFF,2014,15.54
SVN,RECULTREL,2007,2.48
SVN,RECULTREL,2008,3.69
SVN,RECULTREL,2009,3.57
SVN,RECULTREL,2010,3.8
SVN,RECULTREL,2011,3.52
SVN,RECULTREL,2012,3.61
SVN,RECULTREL,2013,2.63
SVN,RECULTREL,2014,3.12
SWE,ECOAFF,2007,9.09
SWE,ECOAFF,2008,9.96
SWE,ECOAFF,2009,10.2
SWE,ECOAFF,2010,10.05
SWE,ECOAFF,2011,9.91
SWE,ECOAFF,2012,10.38
SWE,ECOAFF,2013,9.8
SWE,ECOAFF,2014,9.79
SWE,RECULTREL,2007,1.05
SWE,RECULTREL,2008,1.11
SWE,RECULTREL,2009,1.09
SWE,RECULTREL,2010,1.12
SWE,RECULTREL,2011,1.14
SWE,RECULTREL,2012,1.16
SWE,RECULTREL,2013,1.17
SWE,RECULTREL,2014,1.15
SWE,EDU,2007,5.62
SWE,EDU,2008,5.81
SWE,EDU,2009,5.98
SWE,EDU,2010,5.76
SWE,EDU,2011,5.93
SWE,EDU,2012,5.69
SWE,EDU,2013,5.75
SWE,EDU,2014,5.77
SWE,GRALPUBSER,2007,29.57
SWE,GRALPUBSER,2008,29.52
SWE,GRALPUBSER,2009,28.93
SWE,GRALPUBSER,2010,31.5
SWE,GRALPUBSER,2011,32.41
SWE,GRALPUBSER,2012,31.74
SWE,GRALPUBSER,2013,32.16
SWE,GRALPUBSER,2014,32.98
SWE,ENVPROT,2007,0.51
SWE,ENVPROT,2008,0.48
SWE,ENVPROT,2009,0.49
SWE,ENVPROT,2010,0.43
SWE,ENVPROT,2011,0.44
SWE,ENVPROT,2012,0.48
SWE,ENVPROT,2013,0.45
SWE,ENVPROT,2014,0.42
SWE,DEF,2007,5.17
SWE,DEF,2008,4.99
SWE,DEF,2009,4.73
SWE,DEF,2010,4.88
SWE,DEF,2011,4.77
SWE,DEF,2012,4.58
SWE,DEF,2013,4.74
SWE,DEF,2014,4.24
SWE,HEALTH,2007,3.99
SWE,HEALTH,2008,4.16
SWE,HEALTH,2009,4.45
SWE,HEALTH,2010,3.99
SWE,HEALTH,2011,4.03
SWE,HEALTH,2012,4.05
SWE,HEALTH,2013,4
SWE,HEALTH,2014,3.93
SWE,HOUCOMM,2007,0.44
SWE,HOUCOMM,2008,0.41
SWE,HOUCOMM,2009,0.41
SWE,HOUCOMM,2010,0.35
SWE,HOUCOMM,2011,0.29
SWE,HOUCOMM,2012,0.28
SWE,HOUCOMM,2013,0.27
SWE,HOUCOMM,2014,0.29
SWE,PUBORD,2007,3.63
SWE,PUBORD,2008,3.73
SWE,PUBORD,2009,3.72
SWE,PUBORD,2010,3.73
SWE,PUBORD,2011,3.78
SWE,PUBORD,2012,3.85
SWE,PUBORD,2013,3.78
SWE,PUBORD,2014,3.74
SWE,SOCPROT,2007,40.93
SWE,SOCPROT,2008,39.83
SWE,SOCPROT,2009,40
SWE,SOCPROT,2010,38.19
SWE,SOCPROT,2011,37.29
SWE,SOCPROT,2012,37.79
SWE,SOCPROT,2013,37.88
SWE,SOCPROT,2014,37.68
USA,EDU,2007,2.22
USA,EDU,2008,2.2
USA,EDU,2009,2.79
USA,EDU,2010,3.45
USA,EDU,2011,3.36
USA,EDU,2012,2.95
USA,EDU,2013,2.78
USA,EDU,2014,2.67
USA,DEF,2007,18.53
USA,DEF,2008,18.64
USA,DEF,2009,17.69
USA,DEF,2010,17.62
USA,DEF,2011,17.51
USA,DEF,2012,17.28
USA,DEF,2013,16.18
USA,DEF,2014,15.26
USA,HEALTH,2007,24.61
USA,HEALTH,2008,23.44
USA,HEALTH,2009,24.05
USA,HEALTH,2010,23.94
USA,HEALTH,2011,23.82
USA,HEALTH,2012,24.76
USA,HEALTH,2013,25.74
USA,HEALTH,2014,27.4
USA,HOUCOMM,2007,1.94
USA,HOUCOMM,2008,1.88
USA,HOUCOMM,2009,4.05
USA,HOUCOMM,2010,3.08
USA,HOUCOMM,2011,2.73
USA,HOUCOMM,2012,2.17
USA,HOUCOMM,2013,1.73
USA,HOUCOMM,2014,1.7
USA,PUBORD,2007,1.49
USA,PUBORD,2008,1.52
USA,PUBORD,2009,1.49
USA,PUBORD,2010,1.47
USA,PUBORD,2011,1.5
USA,PUBORD,2012,1.53
USA,PUBORD,2013,1.43
USA,PUBORD,2014,1.4
USA,SOCPROT,2007,29.2
USA,SOCPROT,2008,31.09
USA,SOCPROT,2009,31.13
USA,SOCPROT,2010,32.02
USA,SOCPROT,2011,31.63
USA,SOCPROT,2012,31.77
USA,SOCPROT,2013,32.87
USA,SOCPROT,2014,32.34
USA,ECOAFF,2007,5.8
USA,ECOAFF,2008,6.96
USA,ECOAFF,2009,6.45
USA,ECOAFF,2010,5.97
USA,ECOAFF,2011,5.79
USA,ECOAFF,2012,5.83
USA,ECOAFF,2013,5.69
USA,ECOAFF,2014,5.45
USA,RECULTREL,2007,0.15
USA,RECULTREL,2008,0.14
USA,RECULTREL,2009,0.14
USA,RECULTREL,2010,0.15
USA,RECULTREL,2011,0.14
USA,RECULTREL,2012,0.14
USA,RECULTREL,2013,0.13
USA,RECULTREL,2014,0.13
USA,ENVPROT,2007,0
USA,ENVPROT,2008,0
USA,ENVPROT,2009,0
USA,ENVPROT,2010,0
USA,ENVPROT,2011,0
USA,ENVPROT,2012,0
USA,ENVPROT,2013,0
USA,ENVPROT,2014,0
USA,GRALPUBSER,2007,16.06
USA,GRALPUBSER,2008,14.12
USA,GRALPUBSER,2009,12.21
USA,GRALPUBSER,2010,12.3
USA,GRALPUBSER,2011,13.51
USA,GRALPUBSER,2012,13.57
USA,GRALPUBSER,2013,13.45
USA,GRALPUBSER,2014,13.64
